source,gu_name,complex_name,lease_type,households,move_in_date,address_raw,zipcode,lat,lng,geocode_status,geocode_method,matched_address,gu_match,query_used
SH,강남구,대치1,영구임대,1623,1992-01-15,"개포로109길 9 (개포동 12, 대치아파트)",06335,37.4957518185981,127.075101271591,ok,road,서울 강남구 개포로109길 9,Y,서울 강남구 개포로109길 9
SH,강남구,수서1-1단지,"영구,공공",2214,1992-11-01,"양재대로55길 10 (일원동 711, 수서1단지 에스에이치빌)",06341,37.4931540384403,127.090991396006,ok,road,서울 강남구 양재대로55길 10,Y,서울 강남구 양재대로55길 10
SH,강남구,수서6,영구임대,1508,1992-12-01,"광평로56길 11 (수서동 723, 수서6단지아파트)",06368,37.4878478418441,127.105794693568,ok,road,서울 강남구 광평로56길 11,Y,서울 강남구 광평로56길 11
SH,강남구,신사삼지래미안,재건축,3,2009-03-20,"압구정로2길 20 (신사동 506-9, 래미안 신사)",06027,37.5201049771688,127.019620204079,ok,road,서울 강남구 압구정로2길 20,Y,서울 강남구 압구정로2길 20
SH,강남구,래미안그레이튼,재건축,24,2010-03-05,"도곡로43길 20 (역삼동 763-16, 래미안 그레이튼)",06219,37.4968552857788,127.048587369117,ok,road,서울 강남구 도곡로43길 20,Y,서울 강남구 도곡로43길 20
SH,강남구,래미안그레이튼2차,재건축,22,2011-01-20,"도곡로43길 21 (역삼동 762-3, 래미안그레이튼)",06219,37.4957277729688,127.047011616273,ok,road,서울 강남구 도곡로43길 21,Y,서울 강남구 도곡로43길 21
SH,강남구,강남신동아파밀리에1단지(세곡리엔파크1단지),"국민,장기",307,2011-03-01,"헌릉로590길 100 (세곡동 508, 세곡리엔파크1단지)",06366,37.4635377203095,127.101042591666,ok,road,서울 강남구 헌릉로590길 100,Y,서울 강남구 헌릉로590길 100
SH,강남구,강남신동아파밀리에2단지(세곡리엔파크2단지),"국민,장기",324,2011-03-01,"헌릉로590길 10 (세곡동 511, 세곡리엔파크2단지)",06365,37.4645126849986,127.102737297551,ok,road,서울 강남구 헌릉로590길 10,Y,서울 강남구 헌릉로590길 10
SH,강남구,세곡리엔파크3단지,"국민,장기",303,2011-03-01,"헌릉로590길 11 (세곡동 516, 세곡리엔파크3단지)",06365,37.4643990418051,127.104002692314,ok,road,서울 강남구 헌릉로590길 11,Y,서울 강남구 헌릉로590길 11
SH,강남구,세곡리엔파크4단지,"국민,장기",407,2011-06-22,"헌릉로590길 88 (세곡동 522, 세곡리엔파크4단지)",06366,37.4628776555918,127.101444329255,ok,road,서울 강남구 헌릉로590길 88,Y,서울 강남구 헌릉로590길 88
SH,강남구,청담자이,재건축,20,2011-11-07,"영동대로138길 12 (청담동 134-38, 청담자이아파트)",06076,37.5241014728573,127.057249781197,ok,road,서울 강남구 영동대로138길 12,Y,서울 강남구 영동대로138길 12
SH,강남구,강남데시앙파크(세곡리엔파크5단지),"국민,장기",211,2011-11-14,"헌릉로590길 63 (세곡동 525, 강남데시앙파크)",06366,37.4610465369667,127.101540870536,ok,road,서울 강남구 헌릉로590길 63,Y,서울 강남구 헌릉로590길 63
SH,강남구,개나리에스케이뷰,재건축,7,2012-09-01,"역삼로 315-1 (역삼동 716-3, 개나리SK뷰)",06213,37.5005684337476,127.050071033953,ok,road,서울 강남구 역삼로 315-1,Y,서울 강남구 역삼로 315-1
SH,강남구,도곡진달래(래미안도곡카운티),재건축,14,2013-05-20,"도곡로 320 (도곡동 538-3, 래미안도곡카운티)",06275,37.4956390045387,127.052002706504,ok,road,서울 강남구 도곡로 320,Y,서울 강남구 도곡로 320
SH,강남구,역삼동 공공원룸텔,기타임대,30,2013-09-23,도곡로23길 5 (역삼동 798-28),06257,37.4925244213152,127.039646059967,ok,road,서울 강남구 도곡로23길 5,Y,서울 강남구 도곡로23길 5
SH,강남구,테헤란아이파크,재건축,11,2014-02-14,"테헤란로52길 16 (역삼동 709-5, 테헤란IPARK)",06213,37.5025006142352,127.046384009751,ok,road,서울 강남구 테헤란로52길 16,Y,서울 강남구 테헤란로52길 16
SH,강남구,세곡2-3(래미안포레),"영구,국민,장기",874,2014-03-15,"밤고개로21길 25 (자곡동 687, 래미안포레)",06370,37.4750475248595,127.107644379249,ok,road,서울 강남구 밤고개로21길 25,Y,서울 강남구 밤고개로21길 25
SH,강남구,세곡2-4(강남한양수자인),"영구,국민,장기",653,2014-03-17,"자곡로 260 (자곡동 686, 강남한양수자인아파트)",06370,37.4765634437989,127.111752118301,ok,road,서울 강남구 자곡로 260,Y,서울 강남구 자곡로 260
SH,강남구,경복논현아크로힐스,재건축,34,2014-12-29,"언주로 604 (논현동 276-1, ACROHILLS논현)",06102,37.5095303215604,127.038421201117,ok,road,서울 강남구 언주로 604,Y,서울 강남구 언주로 604
SH,강남구,강남한신휴플러스6(세곡2-6),"국민,장기",234,2015-09-30,"밤고개로26길 50 (율현동 365, 강남 한신휴플러스 6단지)",06377,37.4678110775324,127.104821314643,ok,road,서울 강남구 밤고개로26길 50,Y,서울 강남구 밤고개로26길 50
SH,강남구,강남한신휴플러스8(세곡2-8),"국민,장기",114,2015-09-30,"밤고개로27길 20 (율현동 513, 강남 한신휴플러스 8단지)",06378,37.4709019186514,127.109766293616,ok,road,서울 강남구 밤고개로27길 20,Y,서울 강남구 밤고개로27길 20
SH,강남구,수서하니움,장기전세,73,2016-01-20,"광평로60길 32 (수서동 721-1, 하니움)",06369,37.4866009288419,127.107203475559,ok,road,서울 강남구 광평로60길 32,Y,서울 강남구 광평로60길 32
SH,강남구,래미안대치팰리스,재건축,40,2016-04-19,"삼성로51길 37 (대치동 1027, 래미안 대치 팰리스(1단지))",06280,37.4934361918055,127.057697682666,ok,road,서울 강남구 삼성로51길 37,Y,서울 강남구 삼성로51길 37 )
SH,강남구,역삼자이,재건축,51,2016-07-15,"언주로 420 (역삼동 711-3, 역삼자이아파트)",06214,37.500962635548,127.044168622231,ok,road,서울 강남구 언주로 420,Y,서울 강남구 언주로 420
SH,강남구,센트럴 IPARK(상아3차),행복(재건축),57,2018-09-28,"삼성로 629 (삼성동 188, 센트럴아이파크)",06094,37.5157864094542,127.051319226082,ok,road,서울 강남구 삼성로 629,Y,서울 강남구 삼성로 629
SH,강남구,래미안개포루체하임(일원동현대),행복(재건축),50,2019-03-08,개포로 110길 50 (일원동 741),06344,37.4895410084374,127.079624225204,ok,road,서울 강남구 개포로110길 50,Y,서울 강남구 개포로 110길 50
SH,강남구,래미안블레스티지(개포주공2차),행복(재건축),112,2019-03-08,선릉로 8 (개포동 1280),06326,37.480057578933,127.064153382762,ok,road,서울 강남구 선릉로 8,Y,서울 강남구 선릉로 8
SH,강남구,디에이치아너힐즈(개포주공3),행복(재건축),85,2019-10-07,삼성로 11 (개포동 1281),06327,37.4844402093504,127.067960222798,ok,road,서울 강남구 삼성로 11,Y,서울 강남구 삼성로 11
SH,강남구,개포래미안포레스트(개포시영),행복(재건축),120,2020-12-28,개포로 264 (개포동 1282),06310,37.4797503513842,127.052228213432,ok,road,서울 강남구 개포로 264,Y,서울 강남구 개포로 264
SH,강남구,세곡2보금자리 도시형생활주택(임대),국민,87,2021-09-28,밤고개로21길 56 율현리엔파크 (율현동 524),06378,37.473157584656,127.112651553187,ok,road,서울 강남구 밤고개로21길 56,Y,서울 강남구 밤고개로21길 56 율현리엔파크
SH,강남구,디에이치자이 개포,행복(재건축),306,2021-09-01,영동대로 22 (일원동 743),06346,37.4910941147932,127.074163955752,ok,road,서울 강남구 영동대로 22,Y,서울 강남구 영동대로 22
SH,강남구,디에이치포레센트(일원대우),행복(재건축),11,2022-01-03,개포로 110길 38 (일원동 742),06344,37.4903572045718,127.078179879308,ok,road,서울 강남구 개포로110길 38,Y,서울 강남구 개포로 110길 38
SH,강남구,르엘대치(대치제2지구),행복(재건축),22,2022-01-03,도곡로93길 23 (대치동 977),06190,37.5013575539498,127.063355872072,ok,road,서울 강남구 도곡로93길 23,Y,서울 강남구 도곡로93길 23
SH,강남구,래미안라클래시(상아2차),행복(재건축),81,2022-01-24,삼성로 651 (삼성동 189),06091,37.5183513056476,127.050036535644,ok,road,서울 강남구 삼성로 651,Y,서울 강남구 삼성로 651
SH,강남구,리스트강남(논현동 202-7),역세권청년,86,2022-05-30,봉은사로 125 (논현동 202-7),06120,37.5057598874461,127.027426000452,ok,road,서울 강남구 봉은사로 125,Y,서울 강남구 봉은사로 125
SH,강남구,강남센트럴아이파크,행복(재건축),44,2023-01-09,테헤란로 44길 26 (역삼동 902),06214,37.5012057685259,127.045717100228,ok,road,서울 강남구 테헤란로44길 26,Y,서울 강남구 테헤란로 44길 26
SH,강남구,더원역삼,역세권청년,19,2023-05-17,논현로 423 (역삼동 738-29),06237,37.4978551575593,127.037940142801,ok,road,서울 강남구 논현로 423,Y,서울 강남구 논현로 423
SH,강남구,선정릉역 모아엘가 퍼스트홈,역세권청년,38,2023-06-09,봉은사로 333 (논현동 278-4),06103,37.5105620922653,127.043036549402,ok,road,서울 강남구 봉은사로 333,Y,서울 강남구 봉은사로 333
SH,강남구,대치푸르지오써밋,"국민,행복(재건축)",18,2023-12-12,삼성로 72길 12 (대치동 963),06186,37.5022048675635,127.060593049193,ok,road,서울 강남구 삼성로72길 12,Y,서울 강남구 삼성로 72길 12
SH,강남구,디에이치퍼스티어아이파크,행복(재건축),393,2024-01-08,개포로310(개포동660-1),11680,37.4802867173431,127.057847776427,ok,road,서울 강남구 개포로 310,Y,서울 강남구 개포로310
SH,강남구,개포자이프레지던스,행복(재건축),220,2023-06-26,강남구 개포동 189번지,06331,37.4856994479252,127.069984716026,ok,road,서울 강남구 개포동 189,Y,서울 강남구 개포동 189번지
SH,강남구,도곡 더써밋타워,역세권청년,77,2025-10-13,강남대로42길 19 (도곡동),06267,37.4856201052025,127.035636188081,ok,road,서울 강남구 강남대로42길 19,Y,서울 강남구 강남대로42길 19
SH,강동구,천호삼성(천호4),재개발,247,1997-05-08,"성안로25길 15 (천호동 528-2, 삼성아파트)",05338,37.5378655264436,127.134811416137,ok,road,서울 강동구 성안로25길 15,Y,서울 강동구 성안로25길 15
SH,강동구,천호동아코아(천호5),재개발,64,1998-02-28,"구천면로 189 (천호동 563, 동아코아아파트)",05327,37.5415920129665,127.125536352486,ok,road,서울 강동구 구천면로 189,Y,서울 강동구 구천면로 189
SH,강동구,천호태영(천호6),재개발,264,2000-02-07,"천호대로 1055 (천호동 566, 천호태영아파트)",05336,37.5383697159717,127.12942446784,ok,road,서울 강동구 천호대로 1055,Y,서울 강동구 천호대로 1055
SH,강동구,강일지구1단지(강일리버파크1단지),"국민,장기",106,2009-03-23,"아리수로93가길 25 (강일동 665, 강일리버파크1단지아파트)",05211,37.5668662185816,127.172030678418,ok,road,서울 강동구 아리수로93가길 25,Y,서울 강동구 아리수로93가길 25
SH,강동구,강일지구2단지(강일리버파크2단지),"국민,장기",268,2009-03-23,"아리수로97길 68 (강일동 668, 강일리버파크2단지아파트)",05208,37.5687301242738,127.176655403134,ok,road,서울 강동구 아리수로97길 68,Y,서울 강동구 아리수로97길 68
SH,강동구,강일지구3단지(강일리버파크3단지),"국민,장기",615,2009-03-23,"아리수로93길 40 (강일동 674, 강일리버파크3단지아파트)",05210,37.5655171416703,127.175106641578,ok,road,서울 강동구 아리수로93길 40,Y,서울 강동구 아리수로93길 40
SH,강동구,강일지구4단지(강일리버파크4단지),"국민,장기",470,2009-03-23,"아리수로97길 19 (강일동 673, 강일리버파크4단지아파트)",05210,37.5669952358435,127.17679132286,ok,road,서울 강동구 아리수로97길 19,Y,서울 강동구 아리수로97길 19
SH,강동구,강일지구6단지(강일리버파크6단지),"국민,장기",323,2009-03-23,"아리수로94길 19 (강일동 684, 강일리버파크6단지아파트)",05213,37.5627237044753,127.177214497828,ok,road,서울 강동구 아리수로94길 19,Y,서울 강동구 아리수로94길 19
SH,강동구,강일지구8단지(강일리버파크8단지),"국민,장기",206,2009-03-23,"아리수로94길 72 (강일동 701, 강일리버파크8단지아파트)",05212,37.5607309008864,127.17629946126,ok,road,서울 강동구 아리수로94길 72,Y,서울 강동구 아리수로94길 72
SH,강동구,강일지구9단지(강일리버파크9단지),"국민,장기",737,2009-04-19,"고덕로97길 29 (강일동 699, 강일리버파크9단지아파트)",05216,37.5583540269033,127.177832623849,ok,road,서울 강동구 고덕로97길 29,Y,서울 강동구 고덕로97길 29
SH,강동구,강일지구10단지(강일리버파크10단지),"국민,장기",470,2009-04-19,"고덕로97길 20 (강일동 695, 강일리버파크)",05215,37.5592084943697,127.179997616634,ok,road,서울 강동구 고덕로97길 20,Y,서울 강동구 고덕로97길 20
SH,강동구,강일지구7단지(강일리버파크7단지),"국민,장기",455,2009-06-25,"아리수로98길 25 (강일동 686, 강일리버파크7단지아파트)",05214,37.5652954432598,127.178213362809,ok,road,서울 강동구 아리수로98길 25,Y,서울 강동구 아리수로98길 25
SH,강동구,강일지구5단지(강일리버파크5단지),"국민,장기",432,2009-08-01,"아리수로97길 20 (강일동 670, 강일리버파크5단지아파트)",05209,37.5685222472292,127.178166038709,ok,road,서울 강동구 아리수로97길 20,Y,서울 강동구 아리수로97길 20
SH,강동구,고덕아이파크,재건축,128,2010-03-05,"동남로79길 26 (고덕동 499, 고덕아이파크)",05232,37.5591838811941,127.153744243632,ok,road,서울 강동구 동남로79길 26,Y,서울 강동구 동남로79길 26
SH,강동구,고덕리엔파크1단지,"국민,장기",459,2011-01-15,"상일로 152 (강일동 707, 고덕리엔파크1단지아파트)",05218,37.5616428685115,127.171480371181,ok,road,서울 강동구 상일로 152,Y,서울 강동구 상일로 152
SH,강동구,고덕리엔파크2단지,"국민,장기",443,2011-01-15,"고덕로 427 (강일동 717, 고덕리엔파크2단지아파트)",05217,37.5587972921376,127.173182162867,ok,road,서울 강동구 고덕로 427,Y,서울 강동구 고덕로 427
SH,강동구,고덕리엔파크3단지,"국민,장기",1814,2011-01-30,"상일로 74 (상일동 490, 고덕리엔파크3단지아파트)",05287,37.5513683747695,127.174785524346,ok,road,서울 강동구 상일로 74,Y,서울 강동구 상일로 74
SH,강동구,강일지구 11단지(행복주택),행복(공사 건설형),346,2015-12-28,"고덕로97길 100 (강일동 689, 강일리버파크11단지)",05214,37.5627349985858,127.179992858104,ok,road,서울 강동구 고덕로97길 100,Y,서울 강동구 고덕로97길 100
SH,강동구,강일2 도시형생활주택(준주거2)(임대),기타임대,76,2016-04-01,"상일로12길 89 (상일동 528, 리엔타운)",05285,37.5564157714834,127.173002814938,ok,road,서울 강동구 상일로12길 89,Y,서울 강동구 상일로12길 89
SH,강동구,올림픽파크한양수자인,재건축,43,2016-08-26,"성내로 80 (성내동 606, 올림픽파크한양수자인)",05401,37.5271796181821,127.127965319697,ok,road,서울 강동구 성내로 80,Y,서울 강동구 성내로 80
SH,강동구,고덕래미안힐스테이트,재건축,211,2017-01-05,"아리수로50길 50 (고덕동 688, 래미안힐스테이트고덕)",04731,37.5576864625383,127.148577708994,ok,road,서울 강동구 아리수로50길 50,Y,서울 강동구 아리수로50길 50
SH,강동구,고덕숲아이파크,재건축,27,2017-12-01,"고덕로80길 134 (상일동 515, 고덕숲아이파크)",05277,37.5517184559273,127.164857017437,ok,road,서울 강동구 고덕로80길 134,Y,서울 강동구 고덕로80길 134
SH,강동구,래미안 명일역 솔베뉴(삼익그린),행복(재건축),156,2019-10-07,양재대로 1650 (명일동 359),05226,37.554378854214,127.145944201844,ok,road,서울 강동구 양재대로 1650,Y,서울 강동구 양재대로 1650
SH,강동구,고덕 그라시움(고덕2),행복(재건축),140,2019-10-07,고덕로 333 (고덕동 693),05224,37.5561770852501,127.159176546352,ok,road,서울 강동구 고덕로 333,Y,서울 강동구 고덕로 333
SH,강동구,푸르내(서울리츠1호),행복(리츠1호),119,2020-02-01,상일로12길 95 (상일동 730-2),05285,37.5567817688097,127.172316461002,ok,road,서울 강동구 상일로12길 95,Y,서울 강동구 상일로12길 95
SH,강동구,암사힐스테이트,재건축,147,2020-02-03,올림픽로91길 30 (암사동 675),05242,37.5489339540171,127.125136976054,ok,road,서울 강동구 올림픽로91길 30,Y,서울 강동구 올림픽로91길 30
SH,강동구,고덕센트럴아이파크(고덕5),행복(재건축),96,2020-04-01,고덕로80길 99 (상일동 513),05276,37.5507926724653,127.166404789399,ok,road,서울 강동구 고덕로80길 99,Y,서울 강동구 고덕로80길 99
SH,강동구,롯데캐슬베네루체(고덕7),행복(재건축),97,2020-04-01,상암로79길 88 (상일동 514),05281,37.5502047175329,127.166059233388,ok,road,서울 강동구 상암로79길 88,Y,서울 강동구 상암로79길 88
SH,강동구,강동리버스트4단지(고덕4),"국민,장기",597,2020-10-28,아리수로93가길 110 (강일동 114),05201,37.573775911936,127.173223295598,ok,road,서울 강동구 아리수로93가길 110,Y,서울 강동구 아리수로93가길 110
SH,강동구,고덕아르테온(고덕3),행복(재건축),108,2020-12-28,고덕로 360 (상일동 520),05274,37.5566829127291,127.169527259453,ok,road,서울 강동구 고덕로 360,Y,서울 강동구 고덕로 360
SH,강동구,고덕센트럴푸르지오(서울승합차고지),행복(재건축),142,2020-12-28,고덕로 399 (고덕동 210-1),05222,37.5574665191202,127.169771231948,ok,road,서울 강동구 고덕로 399,Y,서울 강동구 고덕로 399
SH,강동구,고덕강일공공주택지구6단지(임대),"국민,장기",1244,2020-12-03,아리수로93가길 77 (강일동 215),05201,37.5697167254925,127.171576531418,ok,road,서울 강동구 아리수로93가길 77,Y,서울 강동구 아리수로93가길 77
SH,강동구,고덕강일공공주택지구7단지(임대),"국민,장기",1025,2020-12-03,아리수로93가길 70 (강일동 91),05201,37.5703371709411,127.174085693366,ok,road,서울 강동구 아리수로93가길 70,Y,서울 강동구 아리수로93가길 70
SH,강동구,고덕강일공공주택지구9단지(임대),"국민,장기",366,2020-12-30,고덕로98길 29 (상일동 산77-23),05286,37.5569887157803,127.180230285246,ok,road,서울 강동구 고덕로98길 29,Y,서울 강동구 고덕로98길 29
SH,강동구,e편한세상강동에코포레(신동아3차),행복(재건축),38,2020-12-28,천중로 253 (길동 477),05300,37.5409093249208,127.147946180075,ok,road,서울 강동구 천중로 253,Y,서울 강동구 천중로 253
SH,강동구,고덕강일공공주택지구8단지(임대),"국민,장기",420,2021-02-15,아리수로93나길 88 (강일동 66),05415,37.5717629437321,127.174790612607,ok,road,서울 강동구 아리수로93나길 88,Y,서울 강동구 아리수로93나길 88
SH,강동구,강동 리엔파크 11단지,행복(공사 건설형),600,2021-02-18,고덕로98길 101 (상일동 36-3),05416,37.5542532314164,127.180622739676,ok,road,서울 강동구 고덕로98길 101,Y,서울 강동구 고덕로98길 101
SH,강동구,강동 리엔파크 14단지,"국민,행복(공사 건설형)",532,2021-02-15,고덕로98길 160 (상일동 28),05286,37.5510900437112,127.180837138837,ok,road,서울 강동구 고덕로98길 160,Y,서울 강동구 고덕로98길 160
SH,강동구,고덕자이(고덕6),행복(재건축),75,2021-07-26,상일로 55 (상일동 521),05275,37.5533182082692,127.168788219773,ok,road,서울 강동구 상일로 55,Y,서울 강동구 상일로 55
SH,강동구,천호역한강리슈빌,역세권청년,50,2021-12-15,천호대로 989 (천호동 458-3),05248,37.5394614693313,127.122399341784,ok,road,서울 강동구 천호대로 989,Y,서울 강동구 천호대로 989
SH,강동구,강동리엔파크13단지,"국민,장기",675,2022-04-18,고덕로98길 161 (상일동 33),05416,37.5521167180459,127.181021254358,ok,road,서울 강동구 고덕로98길 161,Y,서울 강동구 고덕로98길 161
SH,강동구,힐데스하임천호(천호2),행복(재건축),32,2022-07-30,올림픽로 78길 30 (천호동 437-5),05327,37.5419661223346,127.125945801199,ok,road,서울 강동구 올림픽로78길 30,Y,서울 강동구 올림픽로 78길 30
SH,강동구,천호역 효성해링턴타워,역세권청년,264,2023-09-09,올림픽로 610(성내동 609),05408,37.5357931739397,127.122972414869,ok,road,서울 강동구 올림픽로 610,Y,서울 강동구 올림픽로 610
SH,강동구,강동 헤리티지 자이,장기전세(재건축),114,2024-07-29,천중로 264,05346,37.5396196848963,127.149551483961,ok,road,서울 강동구 천중로 264,Y,서울 강동구 천중로 264
SH,강동구,강동밀레니얼 중흥S-클래스(천호1),재개발,117,2024-10-01,구천면로 188,05328,37.5407276647151,127.125470067758,ok,road,서울 강동구 구천면로 188,Y,서울 강동구 구천면로 188
SH,강동구,올림픽파크포레온,장기전세(재건축),1046,2024-12-02,양재대로 1300,05409,37.5249677176279,127.140290598327,ok,road,서울 강동구 양재대로 1300,Y,서울 강동구 양재대로 1300
SH,강동구,길동생활 B동,역세권청년,71,2025-02-03,서울시 강동구 양재대로 1501,05342,37.5399470552146,127.140345588521,ok,road,서울 강동구 양재대로 1501,Y,서울 강동구 양재대로 1501
SH,강동구,길동생활 A동,역세권청년,110,2025-02-03,서울시 강동구 양재대로 1499,05342,37.5395668653995,127.140318738444,ok,road,서울 강동구 양재대로 1499,Y,서울 강동구 양재대로 1499
SH,강동구,고덕온빛채,"국민,행복(공사 건설형)",697,2025-05-19,아리수로 385(고덕동),05206,37.5627588805491,127.170832006262,ok,road,서울 강동구 아리수로 385,Y,서울 강동구 아리수로 385
SH,강동구,그란츠 리버파크,장기전세(재건축),80,2025-06-02,천호대로 1050(성내동),05379,37.536711995137,127.128324888638,ok,road,서울 강동구 천호대로 1050,Y,서울 강동구 천호대로 1050
SH,강동구,더샵강동센트럴시티(천호4),재개발,68,2025-12-10,진황도로 14(천호동),05335,37.5395238538654,127.128473293722,ok,road,서울 강동구 진황도로 14,Y,서울 강동구 진황도로 14
SH,강북구,래미안수유(수유2),재개발,180,2000-07-01,"한천로159길 8 (수유동 730, 래미안수유아파트)",01040,37.644390881641,127.018671599178,ok,road,서울 강북구 한천로159길 8,Y,서울 강북구 한천로159길 8
SH,강북구,SK북한산시티(미아1-1),재개발,1497,2001-11-17,"솔샘로 174 (미아동 1353, SK북한산시티아파트)",01192,37.6176383628418,127.010599691076,ok,road,서울 강북구 솔샘로 174,Y,서울 강북구 솔샘로 174
SH,강북구,미아벽산(미아1-2),재개발,490,2002-11-18,"솔샘로 159 (미아동 1354, 벽산라이브파크)",01191,37.6218232749574,127.012407457085,ok,road,서울 강북구 솔샘로 159,Y,서울 강북구 솔샘로 159
SH,강북구,삼각산아이원(미아5),재개발,673,2004-02-23,"삼양로19길 113 (미아동 1357, 삼각산아이원아파트)",01198,37.6170555597064,127.017723289038,ok,road,서울 강북구 삼양로19길 113,Y,서울 강북구 삼양로19길 113
SH,강북구,미아SH-Ville(미아2),재개발,57,2007-09-27,"삼양로 246-14 (미아동 797-8, 미아 에스에이치빌 아파트)",01127,37.6254233412307,127.019197227695,ok,road,서울 강북구 삼양로 246-14,Y,서울 강북구 삼양로 246-14
SH,강북구,래미안트리베라1차(래미안트리베라6),재개발,212,2010-05-29,"삼양로19길 25 (미아동 813, 삼성래미안트리베라1차아파트)",01200,37.6156943247238,127.021139026425,ok,road,서울 강북구 삼양로19길 25,Y,서울 강북구 삼양로19길 25
SH,강북구,래미안트리베라2차(래미안트리베라12),재개발,228,2010-06-14,"삼양로27길 19 (미아동 812, 삼성래미안트리베라아파트)",01195,37.6161238065432,127.021741379374,ok,road,서울 강북구 삼양로27길 19,Y,서울 강북구 삼양로27길 19
SH,강북구,송천동부(미아10-1),재개발,70,2010-09-30,"숭인로 39 (미아동 461, 송천센트레빌)",01213,37.6127409579107,127.026965197297,ok,road,서울 강북구 숭인로 39,Y,서울 강북구 숭인로 39
SH,강북구,미아두산위브트레지움(미아8),재개발,234,2011-12-26,"삼양로27길 95 (미아동 811, 두산위브트레지움아파트)",01197,37.6182646141042,127.015683383731,ok,road,서울 강북구 삼양로27길 95,Y,서울 강북구 삼양로27길 95
SH,강북구,수유장기전세(프레비스타),장기전세,18,2015-03-27,"인수봉로 101 (수유동 486-682, 프레비스타)",01096,37.6289655569202,127.012611877138,ok,road,서울 강북구 인수봉로 101,Y,서울 강북구 인수봉로 101
SH,강북구,꿈의숲 롯데캐슬(미아4),"재개발,행복(리츠2호)",105,2017-03-28,"오현로 56 (미아동 4, 꿈의숲 롯데캐슬)",01232,37.6184115650264,127.036475927918,ok,road,서울 강북구 오현로 56,Y,서울 강북구 오현로 56
SH,강북구,꿈의숲해링턴플레이스(미아9-1),행복(재건축),88,2019-09-30,오현로 45 (미아동 1369),01155,37.6169370292441,127.034610388171,ok,road,서울 강북구 오현로 45,Y,서울 강북구 오현로 45
SH,강북구,미아동 791-1614 행복주택(빈집정비),행복(공사 건설형),5,2021-01-20,솔매로 36 (미아동 791-1614),01180,37.6254169418629,127.016210389269,ok,road,서울 강북구 솔매로 36,Y,서울 강북구 솔매로 36
SH,강북구,미아동 159-29 행복주택(빈집정비),행복(공사 건설형),4,2021-01-23,도봉로78길 21-6 (미아동 159-29),01129,37.634040759929,127.024851717748,ok,road,서울 강북구 도봉로78길 21-6,Y,서울 강북구 도봉로78길 21-6
SH,강북구,삼양동 791-1960 행복주택(초행지붕-미아-3),행복(공사 건설형),11,2021-10-12,인수봉로6가길 12 (미아동 791-1960),01183,37.6223701184185,127.014479909213,ok,road,서울 강북구 인수봉로6가길 12,Y,서울 강북구 인수봉로6가길 12
SH,강북구,초행지붕(수유),행복(공사 건설형),10,2023-01-09,삼양로 123길 14-15 (수유동 290-11),01029,37.6453549961896,127.014370493712,ok,road,서울 강북구 삼양로123길 14-15,Y,서울 강북구 삼양로 123길 14-15
SH,강북구,북서울자이폴라리스(미아3),"재개발,행복(리츠2호)",157,2024-08-30,삼양로58길 29,06336,37.6268250718091,127.018791020922,ok,road,서울 강북구 삼양로58길 29,Y,서울 강북구 삼양로58길 29
SH,강서구,가양9,공공임대,914,1992-11-05,"허준로 224 (가양동 1489, 가양9단지아파트)",07532,37.5599996875816,126.862819466302,ok,road,서울 강서구 허준로 224,Y,서울 강서구 허준로 224
SH,강서구,가양4,영구임대,1998,1992-11-05,"양천로57길 37 (가양동 1478, 가양4단지아파트)",07527,37.5659376664079,126.852047007656,ok,road,서울 강서구 양천로57길 37,Y,서울 강서구 양천로57길 37
SH,강서구,가양8,공공임대,1110,1992-11-05,"허준로 176 (가양동 1482, 가양8단지아파트)",07533,37.5618457999562,126.856800747299,ok,road,서울 강서구 허준로 176,Y,서울 강서구 허준로 176
SH,강서구,가양5,영구임대,2411,1993-03-06,"양천로57길 36 (가양동 1481, 가양5단지아파트)",07526,37.5646273830484,126.853519560541,ok,road,서울 강서구 양천로57길 36,Y,서울 강서구 양천로57길 36
SH,강서구,방화2-1,영구임대,1563,1993-10-25,"방화대로48길 40 (방화동 839, 방화2-1단지아파트)",07519,37.5742556295155,126.820167898164,ok,road,서울 강서구 방화대로48길 40,Y,서울 강서구 방화대로48길 40
SH,강서구,방화11,영구임대,1065,1994-05-25,"개화동로21길 4 (방화동 851, 방화11단지아파트)",07611,37.5707203119115,126.805725644771,ok,road,서울 강서구 개화동로21길 4,Y,서울 강서구 개화동로21길 4
SH,강서구,방화6,"영구,공공",1000,1994-08-20,"금낭화로23길 25 (방화동 816, 방화6단지아파트)",07510,37.5781389708793,126.811204295259,ok,road,서울 강서구 금낭화로23길 25,Y,서울 강서구 금낭화로23길 25
SH,강서구,방화9,공공임대,250,1995-11-29,"양천로11길 57 (방화동 807, 방화9단지아파트)",07507,37.5746542771132,126.807238108931,ok,road,서울 강서구 양천로11길 57,Y,서울 강서구 양천로11길 57
SH,강서구,발산2(마곡수명산파크2단지),"국민,장기",272,2007-08-10,"강서로47길 158 (내발산동 741, 마곡수명산파크2단지아파트)",07634,37.5538579739487,126.827641834082,ok,road,서울 강서구 강서로47길 158,Y,서울 강서구 강서로47길 158
SH,강서구,발산3(마곡수명산파크3단지),장기전세,281,2007-10-08,"수명로1길 110 (내발산동 751, 마곡수명산파크3단지아파트)",07643,37.5518577662929,126.824707925418,ok,road,서울 강서구 수명로1길 110,Y,서울 강서구 수명로1길 110
SH,강서구,발산6(마곡수명산파크6단지),국민,237,2007-10-21,"수명로2길 63 (내발산동 759, 마곡수명산파크6단지아파트)",07635,37.5498753287677,126.825821922696,ok,road,서울 강서구 수명로2길 63,Y,서울 강서구 수명로2길 63
SH,강서구,발산1(마곡수명산파크1단지),국민,841,2007-11-10,"강서로47길 108 (내발산동 742, 마곡수명산파크1단지아파트)",07634,37.553565372328,126.830534237555,ok,road,서울 강서구 강서로47길 108,Y,서울 강서구 강서로47길 108
SH,강서구,발산4(마곡수명산파크4단지),"국민,장기",289,2008-02-20,"수명로1길 16 (내발산동 753, 마곡수명산파크4단지아파트)",07643,37.5520478232459,126.822560908166,ok,road,서울 강서구 수명로1길 16,Y,서울 강서구 수명로1길 16
SH,강서구,보람더하임,재건축,16,2008-04-01,"양천로 666 (염창동 305, 보람 더하임)",07554,37.5515310931851,126.870365032148,ok,road,서울 강서구 양천로 666,Y,서울 강서구 양천로 666
SH,강서구,발산5(마곡수명산파크5단지),국민,490,2008-06-21,"수명로2길 105 (내발산동 749, 마곡수명산파크5단지아파트)",07635,37.5515866543282,126.82758267247,ok,road,서울 강서구 수명로2길 105,Y,서울 강서구 수명로2길 105
SH,강서구,발산7(마곡수명산파크7단지),국민,395,2008-10-16,"수명로2가길 22 (내발산동 756, 마곡수명산파크7단지아파트)",07642,37.5476628719782,126.821917682228,ok,road,서울 강서구 수명로2가길 22,Y,서울 강서구 수명로2가길 22
SH,강서구,마곡푸르지오,재건축,23,2009-03-20,"방화대로34길 88 (방화동 890, 마곡푸르지오)",07595,37.5703809314688,126.821193599825,ok,road,서울 강서구 방화대로34길 88,Y,서울 강서구 방화대로34길 88
SH,강서구,강서센트레빌,재건축,12,2009-03-31,"방화대로41길 9 (방화동 894, 강서센트레빌3차)",07605,37.5713641666202,126.816194041544,ok,road,서울 강서구 방화대로41길 9,Y,서울 강서구 방화대로41길 9
SH,강서구,강서동부센트리빌4차,재건축,21,2009-06-05,"남부순환로 11 (공항동 1374, 강서센트레빌4차)",07622,37.5611118589711,126.808165329292,ok,road,서울 강서구 남부순환로 11,Y,서울 강서구 남부순환로 11
SH,강서구,유니트로원룸,기타임대,75,2012-10-29,"개화동로21길 49 (방화동 847, 유니트로)",07601,37.5721337530929,126.805647828303,ok,road,서울 강서구 개화동로21길 49,Y,서울 강서구 개화동로21길 49
SH,강서구,강서한강자이,"재건축,장기",81,2013-10-01,"양천로55길 55 (가양동 1500, 강서한강자이)",07528,37.5663284781553,126.8481831828,ok,road,서울 강서구 양천로55길 55,Y,서울 강서구 양천로55길 55
SH,강서구,내발산동740 기숙사(희망하우징),기타임대,193,2014-03-29,수명로1길 131 (내발산동 740),07630,37.5540613075652,126.825175932771,ok,road,서울 강서구 수명로1길 131,Y,서울 강서구 수명로1길 131
SH,강서구,마곡14단지(마곡엠밸리14),"국민,장기",891,2014-05-29,"마곡중앙로 33 (마곡동 750, 마곡엠밸리14단지)",07630,37.5580501033167,126.824080226482,ok,road,서울 강서구 마곡중앙로 33,Y,서울 강서구 마곡중앙로 33
SH,강서구,마곡15단지(마곡엠밸리15),"국민,장기",755,2014-05-29,"마곡중앙로 36 (마곡동 751, 마곡엠밸리15단지)",07811,37.5574187175366,126.827029271898,ok,road,서울 강서구 마곡중앙로 36,Y,서울 강서구 마곡중앙로 36
SH,강서구,마곡6단지(마곡엠밸리6),"국민,장기",921,2014-06-13,"마곡서1로 100 (마곡동 743, 마곡엠밸리6단지)",07798,37.5657540981707,126.81962341197,ok,road,서울 강서구 마곡서1로 100,Y,서울 강서구 마곡서1로 100
SH,강서구,마곡7단지(마곡엠밸리7),"국민,장기",338,2014-06-13,"마곡서로 133 (마곡동 743-4, 마곡엠밸리7단지)",07798,37.5645561030039,126.823838667719,ok,road,서울 강서구 마곡서로 133,Y,서울 강서구 마곡서로 133
SH,강서구,마곡1단지(마곡엠밸리1),"국민,장기",141,2014-06-20,"마곡서1로 131 (마곡동 734, 마곡엠밸리1단지)",07598,37.568472648699,126.818317175445,ok,road,서울 강서구 마곡서1로 131,Y,서울 강서구 마곡서1로 131
SH,강서구,마곡2단지(마곡엠밸리2),"국민,장기",242,2014-06-20,"마곡서1로 146 (마곡동 735, 마곡엠밸리2단지)",07598,37.5688453686807,126.821135353805,ok,road,서울 강서구 마곡서1로 146,Y,서울 강서구 마곡서1로 146
SH,강서구,마곡3단지(마곡엠밸리3),"국민,장기",193,2014-06-20,"마곡서1로 132 (마곡동 736, 마곡엠밸리3단지)",07598,37.5684934457023,126.819540401123,ok,road,서울 강서구 마곡서1로 132,Y,서울 강서구 마곡서1로 132
SH,강서구,마곡4단지(마곡엠밸리4),"국민,장기",258,2014-06-23,"마곡서로 175 (마곡동 738, 마곡엠밸리4단지)",07595,37.568908134597,126.824232519697,ok,road,서울 강서구 마곡서로 175,Y,서울 강서구 마곡서로 175
SH,강서구,마곡5단지(마곡엠밸리5),"국민,장기",137,2014-06-27,"마곡서1로 111-11 (마곡동 740, 마곡엠밸리5단지)",07599,37.5658001533458,126.817289006811,ok,road,서울 강서구 마곡서1로 111-11,Y,서울 강서구 마곡서1로 111-11
SH,강서구,가양동협동조합형공동주택,기타임대,24,2014-09-26,"양천로61길 50 (가양동 1494-3, 이음채)",07547,37.5586395715342,126.865190551219,ok,road,서울 강서구 양천로61길 50,Y,서울 강서구 양천로61길 50
SH,강서구,등촌동 장기전세주택,장기전세,54,2016-01-01,"공항대로 359 (등촌동 661-6, 리본타워)",07590,37.5578472978988,126.847820343569,ok,road,서울 강서구 공항대로 359,Y,서울 강서구 공항대로 359
SH,강서구,화곡동 청년 협동조합 주택(화곡동891-25),기타임대,15,2016-01-31,"강서로5라길 26 (화곡동 891-25, 청년주택협동조합그랑)",07781,37.5292076209333,126.849796048218,ok,road,서울 강서구 강서로5라길 26,Y,서울 강서구 강서로5라길 26
SH,강서구,마곡지구 8단지(마곡엠밸리8단지),"국민,장기",265,2016-07-31,"마곡서1로 81 (마곡동 741, 마곡엠밸리8단지)",07599,37.5643663889963,126.819154429803,ok,road,서울 강서구 마곡서1로 81,Y,서울 강서구 마곡서1로 81
SH,강서구,마곡지구 10단지(마곡엠밸리10단지),"국민,장기",492,2016-08-10,"마곡중앙1로 72 (마곡동 747, 마곡엠밸리10단지)",07629,37.5590400107716,126.820063226063,ok,road,서울 강서구 마곡중앙1로 72,Y,서울 강서구 마곡중앙1로 72
SH,강서구,마곡힐스테이트,재건축,59,2016-08-26,"마곡중앙3로 74 (마곡동 725-1, 마곡힐스테이트)",07599,37.5646732254061,126.818656796396,ok,road,서울 강서구 마곡중앙3로 74,Y,서울 강서구 마곡중앙3로 74
SH,강서구,마곡지구 11단지(마곡엠밸리11단지),"국민,장기",245,2016-09-15,"공항대로 124 (마곡동 746, 마곡엠밸리11단지)",07808,37.5594617880425,126.820728611421,ok,road,서울 강서구 공항대로 124,Y,서울 강서구 공항대로 124
SH,강서구,마곡지구 12단지(마곡엠밸리12단지),"국민,장기",269,2016-09-15,"공항대로 140 (마곡동 746-1, 마곡엠밸리12단지)",07808,37.5592565859994,126.823388809057,ok,road,서울 강서구 공항대로 140,Y,서울 강서구 공항대로 140
SH,강서구,가양동 1457-1 모듈러 행복주택,행복(공사 건설형),30,2017-12-29,강서로 515 (가양동 1457-1),07523,37.5717096728286,126.841669722752,ok,road,서울 강서구 강서로 515,Y,서울 강서구 강서로 515
SH,강서구,e편한세상 염창아파트,행복(재건축),56,2019-10-07,공항대로 583 (염창동 309),07560,37.5485922640411,126.870242587286,ok,road,서울 강서구 공항대로 583,Y,서울 강서구 공항대로 583
SH,강서구,역세권 공공(등촌동 648-5),역세권청년,19,2020-06-01,공항대로59가길 14 (등촌동 648-5),07563,37.5517661664865,126.864587752708,ok,road,서울 강서구 공항대로59가길 14,Y,서울 강서구 공항대로59가길 14
SH,강서구,마곡지구 9단지(마곡엠밸리9단지),"국민,장기",567,2021-02-16,공항대로 103 (마곡동 744),07600,37.5622669688172,126.81920602303,ok,road,서울 강서구 공항대로 103,Y,서울 강서구 공항대로 103
SH,강서구,신마곡 벽산블루밍(개화산역세권),"행복(재건축),재건축",125,2021-02-15,양천로10길 38 (방화동 904),07602,37.571005283099,126.808641305119,ok,road,서울 강서구 양천로10길 38,Y,서울 강서구 양천로10길 38
SH,강서구,역세권 공공(염창동 274-17),역세권청년,49,2021-02-15,공항대로 543 (염창동 312),07562,37.5507388549618,126.866412265444,ok,road,서울 강서구 공항대로 543,Y,서울 강서구 공항대로 543
SH,강서구,역세권 공공(화곡동 401-1),역세권청년,9,2021-05-17,강서로 145 (화곡동 401-1),07720,37.5399014458122,126.841415887515,ok,road,서울 강서구 강서로 145,Y,서울 강서구 강서로 145
SH,강서구,우장산역해링턴타워,역세권청년,87,2021-12-15,강서로 231 (화곡동 1170),07705,37.546244810291,126.836117683731,ok,road,서울 강서구 강서로 231,Y,서울 강서구 강서로 231
SH,강서구,엘크루 발산(등촌동 671-1),역세권청년,53,2022-05-30,강서로56길 44 (등촌동 671-1),07591,37.5591634567046,126.841105027961,ok,road,서울 강서구 강서로56길 44,Y,서울 강서구 강서로56길 44
SH,강서구,역세권 공공(화곡동 1073-11),역세권청년,15,2022-05-30,화곡로 146 (화곡동 1073-11),07715,37.5406908760971,126.837946365658,ok,road,서울 강서구 화곡로 146,Y,서울 강서구 화곡로 146
SH,강서구,마곡그랑시엘(방화동613-2),행복(재건축),5,2022-07-04,개화동로27길 22 (방화동 613-2),07620,37.5641988410931,126.807828154478,ok,road,서울 강서구 개화동로27길 22,Y,서울 강서구 개화동로27길 22
SH,강서구,방화동 행복주택,행복(공사 건설형),315,2024-09-30,개화동로21길 52,07611,37.5717239203209,126.805829896606,ok,road,서울 강서구 개화동로21길 52,Y,서울 강서구 개화동로21길 52
SH,강서구,아르체움 등촌,역세권청년,52,2025-06-09,공항대로 553(염창동 275),07560,37.5498948815097,126.867604379466,ok,road,서울 강서구 공항대로 553,Y,서울 강서구 공항대로 553
SH,강서구,센터스퀘어 발산,역세권청년,258,2025-07-07,공항대로 302(내발산동 767),07646,37.5578423496679,126.841390775473,ok,road,서울 강서구 공항대로 302,Y,서울 강서구 공항대로 302
SH,관악구,신림동부(신림5),재개발,96,1993-10-24,"신원로 26 (신림동 1695, 신림동부아파트)",08775,37.4811549763764,126.928270805228,ok,road,서울 관악구 신원로 26,Y,서울 관악구 신원로 26
SH,관악구,봉천인헌,주거환경,117,1998-11-16,"낙성대로15길 66 (봉천동 1725, 인헌아파트)",08800,37.468034829997,126.961769042702,ok,road,서울 관악구 낙성대로15길 66,Y,서울 관악구 낙성대로15길 66
SH,관악구,봉천신봉,주거환경,150,1999-05-28,"양녕로6나길 18 (봉천동 1705, 신봉아파트)",08746,37.4845625325737,126.948971236602,ok,road,서울 관악구 양녕로6나길 18,Y,서울 관악구 양녕로6나길 18
SH,관악구,신림초원,주거환경,63,1999-07-30,"미성5길 40 (신림동 1712, 초원아파트)",08865,37.4733555004007,126.914118365347,ok,road,서울 관악구 미성5길 40,Y,서울 관악구 미성5길 40
SH,관악구,봉천동아(봉천2-2),재개발,829,1999-11-01,"관악로37길 20 (봉천동 1703-1, 봉천동아아파트)",08726,37.4875554407187,126.95598852611,ok,road,서울 관악구 관악로37길 20,Y,서울 관악구 관악로37길 20
SH,관악구,봉천우성(봉천7-1),재개발,717,2000-03-20,"관악로30길 40 (봉천동 1706-1, 봉천우성아파트)",08735,37.4851434998778,126.961578514322,ok,road,서울 관악구 관악로30길 40,Y,서울 관악구 관악로30길 40
SH,관악구,봉천두산(봉천8),재개발,560,2000-12-21,"양녕로 31 (봉천동 1708-2, 두산아파트)",08751,37.4851598206672,126.945757007246,ok,road,서울 관악구 양녕로 31,Y,서울 관악구 양녕로 31
SH,관악구,관악드림타운(봉천3),재개발,1843,2001-07-16,"구암길 106 (봉천동 1712-1, 관악드림타운아파트)",08725,37.491279413488,126.948664640266,ok,road,서울 관악구 구암길 106,Y,서울 관악구 구암길 106
SH,관악구,관악벽산블루밍,재개발,799,2003-11-15,"양녕로 117 (봉천동 1718-1, 벽산블루밍아파트)",08715,37.4915087835926,126.942726707191,ok,road,서울 관악구 양녕로 117,Y,서울 관악구 양녕로 117
SH,관악구,관악푸르지오(봉천7-2),재개발,392,2004-02-23,"청림5길 28 (봉천동 1717-1, 관악푸르지오2단지아파트)",08734,37.4895955788785,126.960271587162,ok,road,서울 관악구 청림5길 28,Y,서울 관악구 청림5길 28
SH,관악구,신림SH-ville(신림7),재개발,150,2007-12-03,"난곡로 80 (신림동 1736-1, 신림SH Ville아파트)",08861,37.4625381803389,126.919545026803,ok,road,서울 관악구 난곡로 80,Y,서울 관악구 난곡로 80
SH,관악구,관악청광플러스원,재건축,2,2009-06-05,"은천로15길 16 (봉천동 1726, 관악청광플러스원아파트)",08715,37.4873923020041,126.944322562468,ok,road,서울 관악구 은천로15길 16,Y,서울 관악구 은천로15길 16
SH,관악구,e편한세상 서울대입구(봉천12-2구역),"재개발,행복(재건축,리츠2호)",294,2019-06-28,청룡10길 45 (봉천동 1730),08830,37.4772309328484,126.943055742779,ok,road,서울 관악구 청룡10길 45,Y,서울 관악구 청룡10길 45
SH,관악구,봉천12-1구역 e편한세상 서울대입구2차,"재개발,행복(리츠2호)",89,2020-05-22,참숯1길 19 (봉천동 1733),08830,37.477304218918,126.94238244228,ok,road,서울 관악구 참숯1길 19,Y,서울 관악구 참숯1길 19
SH,관악구,YK서울대(봉천동 912-16),행복(재건축),9,2022-01-03,남부순환로 1755 (봉천동 912-16),08757,37.4823496324511,126.945295028276,ok,road,서울 관악구 남부순환로 1755,Y,서울 관악구 남부순환로 1755
SH,관악구,더헤르미온(봉천동 1666-51),행복(재건축),19,2022-01-03,남부순환로 1845 (봉천동 1666-51),08738,37.4806611116471,126.955288994827,ok,road,서울 관악구 남부순환로 1845,Y,서울 관악구 남부순환로 1845
SH,관악구,역세권공공(관악구 봉천동 854-3외2),역세권청년,31,2023-03-01,남부순환로 224길 25 (봉천동 854-3),08788,37.4797506113066,126.953345373244,ok,road,서울 관악구 남부순환로224길 25,Y,서울 관악구 남부순환로 224길 25
SH,관악구,힐스테이트 뉴포레,행복(재건축),126,2022-09-01,조원로 25 (신림동 1644),01316,37.483708310871,126.905433298638,ok,road,서울 관악구 조원로 25,Y,서울 관악구 조원로 25
SH,관악구,다온타워,행복(재건축),4,2023-01-03,신림로 66 (신림동 1420-6),08754,37.4711496812462,126.942179500941,ok,road,서울 관악구 신림로 66,Y,서울 관악구 신림로 66
SH,관악구,최강타워(관악구 신림동 75-6),역세권청년,79,2023-07-31,남부순환로 180길 6 (신림동75-6),08777,37.4837589483107,126.930629680819,ok,road,서울 관악구 남부순환로180길 6,Y,서울 관악구 남부순환로 180길 6
SH,관악구,센터스퀘어 서울대점(관악구 신림동 1747),역세권청년,94,2024-10-11,신림로 99,08814,37.4702240714953,126.938430746227,ok,road,서울 관악구 신림로 99,Y,서울 관악구 신림로 99
SH,관악구,힐스테이트 관악센트씨엘,"재개발,재건축(장기전세)",200,2025-03-31,구암5길 28,08724,37.4904233317703,126.946158010411,ok,road,서울 관악구 구암5길 28,Y,서울 관악구 구암5길 28
SH,관악구,서울대벤처타운역 푸르지오(신림3),재개발,98,2025-05-08,약수암길 1-8(신림동),08823,37.4613150997203,126.932258629618,ok,road,서울 관악구 약수암길 1-8,Y,서울 관악구 약수암길 1-8
SH,관악구,유벤투스 240,역세권청년,70,2025-11-04,조원로 5-12 (신림동),08700,37.4838623916378,126.903769801511,ok,road,서울 관악구 조원로 5-12,Y,서울 관악구 조원로 5-12
SH,광진구,한라녹턴,재건축,3,2009-09-11,"영화사로16길 43 (구의동 662, 구의동 아차산 한라아파트)",04957,37.5538354352314,127.09734621926,ok,road,서울 광진구 영화사로16길 43,Y,서울 광진구 영화사로16길 43
SH,광진구,래미안프리미어팰리스,"재건축,재개발",49,2017-11-01,"아차산로 345 (자양동 859, 래미안프리미어팰리스아파트)",05026,37.5375052411306,127.08158295574,ok,road,서울 광진구 아차산로 345,Y,서울 광진구 아차산로 345
SH,광진구,강변SK뷰(구의3),재건축,20,2018-12-11,아차산로 431 (구의동 667),05045,37.5386539726559,127.090190805314,ok,road,서울 광진구 아차산로 431,Y,서울 광진구 아차산로 431
SH,광진구,옥산그린타워(구의동 587-64),역세권청년,18,2020-04-27,구의강변로 53 (구의동 587-64),04808,37.5357339548426,127.09190028149,ok,road,서울 광진구 구의강변로 53,Y,서울 광진구 구의강변로 53
SH,광진구,엘리시아1차(화양동 94-13),행복(재건축),10,2022-01-03,광나루로 20길 36-3 (화양동 94-13),05021,37.5453361511629,127.073835975925,ok,road,서울 광진구 광나루로20길 36-3,Y,서울 광진구 광나루로 20길 36-3
SH,광진구,위너스힐(화양동 111-89),행복(재건축),11,2022-01-03,광나루로 20길 34 (화양동 111-89),05021,37.5456065583063,127.073952230042,ok,road,서울 광진구 광나루로20길 34,Y,서울 광진구 광나루로 20길 34
SH,광진구,비바힐스 강변(구의동 593-11),역세권청년,28,2022-05-31,구의강변로 51 (구의동 593-11),05049,37.5354322163492,127.091776019555,ok,road,서울 광진구 구의강변로 51,Y,서울 광진구 구의강변로 51
SH,광진구,구의자이르네,행복(재건축),5,2022-07-04,광나루로39길 11 (구의동 671),04977,37.5455028168806,127.088780729862,ok,road,서울 광진구 광나루로39길 11,Y,서울 광진구 광나루로39길 11
SH,광진구,리마크빌군자,역세권청년,84,2023-03-01,천호대로 517 (중곡동 637-5),04920,37.5588819324758,127.076249404252,ok,road,서울 광진구 천호대로 517,Y,서울 광진구 천호대로 517
SH,광진구,건대프라하임3차,행복(재건축),12,2023-01-09,능동로 165-1 (화양동 94-9),05010,37.545614940243,127.07293392526,ok,road,서울 광진구 능동로 165-1,Y,서울 광진구 능동로 165-1
SH,광진구,센텀힐스 한강,역세권청년,18,2023-06-01,"구의강변로 57 (구의동 587-62,99)",05048,37.5359341328257,127.092047161539,ok,road,서울 광진구 구의강변로 57,Y,서울 광진구 구의강변로 57
SH,광진구,롯데캐슬리버파크시그니처,행복(재건축),99,2023-07-25,뚝섬로 467 (자양동 236),05080,37.5383595478387,127.062405723881,ok,road,서울 광진구 뚝섬로 467,Y,서울 광진구 뚝섬로 467
SH,광진구,테라펠리스건대4차,행복(재건축),10,2023-07-01,능동로 157 (화양동 2-10외),05010,37.5447972200135,127.072598522679,ok,road,서울 광진구 능동로 157,Y,서울 광진구 능동로 157
SH,광진구,어울채(서울리츠1호),행복(리츠1호),300,2025-02-17,아차산로58길 58,05050,37.5350543583171,127.089160380811,ok,road,서울 광진구 아차산로58길 58,Y,서울 광진구 아차산로58길 58
SH,광진구,DM7 건대,행복(재건축),6,2025-01-06,광나루로20길 40,05021,37.5452807456526,127.073970466098,ok,road,서울 광진구 광나루로20길 40,Y,서울 광진구 광나루로20길 40
SH,광진구,롯데캐슬 이스트폴,장기전세(재건축),432,2025-03-10,뚝섬로 717,05050,37.5343312395222,127.089485706599,ok,road,서울 광진구 뚝섬로 717,Y,서울 광진구 뚝섬로 717
SH,광진구,건대입구역 더포디엄 830,역세권청년,167,2025-03-31,아차산로 212,05072,37.5408139153647,127.066773482901,ok,road,서울 광진구 아차산로 212,Y,서울 광진구 아차산로 212
SH,광진구,백악관타워,역세권청년,101,2025-11-10,천호대로 643 (중곡동),04953,37.5537590579311,127.089214234459,ok,road,서울 광진구 천호대로 643,Y,서울 광진구 천호대로 643
SH,구로구,오류동부골든(오류1),재개발,304,1997-11-04,"고척로 49 (오류동 338, 동부골든아파트)",08253,37.4999652512578,126.841353368958,ok,road,서울 구로구 고척로 49,Y,서울 구로구 고척로 49
SH,구로구,구로두산(구로6),재개발,442,1999-03-01,"도림로 59 (구로동 1265, 구로두산아파트)",08313,37.4898993993674,126.888961869782,ok,road,서울 구로구 도림로 59,Y,서울 구로구 도림로 59
SH,구로구,고척유진마젤란아파트,재건축,30,2008-11-10,"경인로47길 128 (고척동 338, 고척마젤란아파트)",08219,37.5045853756561,126.863921148452,ok,road,서울 구로구 경인로47길 128,Y,서울 구로구 경인로47길 128
SH,구로구,구로경남아너스빌,재건축,9,2009-09-10,"구로중앙로8길 41-23 (구로동 1285, 경남아너스빌)",08304,37.4936810424271,126.892994020472,ok,road,서울 구로구 구로중앙로8길 41-23,Y,서울 구로구 구로중앙로8길 41-23
SH,구로구,온수힐스테이트,재건축,56,2010-03-05,"부일로9길 127 (온수동 155, 온수 힐스테이트)",08259,37.4976017630545,126.820592862021,ok,road,서울 구로구 부일로9길 127,Y,서울 구로구 부일로9길 127
SH,구로구,고척벽산블루밍(고척3),재개발,59,2010-12-01,"고척로60길 30 (고척동 342, 벽산베스트블루밍아파트)",08228,37.5051496613125,126.858766619471,ok,road,서울 구로구 고척로60길 30,Y,서울 구로구 고척로60길 30
SH,구로구,천왕이펜하우스2단지,"국민,장기",359,2011-06-10,"천왕로 92 (천왕동 279-2, 천왕이펜하우스2단지)",08365,37.4852288247652,126.838086363908,ok,road,서울 구로구 천왕로 92,Y,서울 구로구 천왕로 92
SH,구로구,천왕이펜하우스6단지,"국민,장기",502,2011-06-26,"천왕로 9 (천왕동 275, 천왕이펜하우스6단지)",08364,37.4790207559893,126.84225746312,ok,road,서울 구로구 천왕로 9,Y,서울 구로구 천왕로 9
SH,구로구,천왕이펜하우스5단지,"국민,장기",458,2011-07-25,"천왕로 10 (천왕동 277, 천왕 이펜하우스 5단지)",08365,37.480726327426,126.842162072714,ok,road,서울 구로구 천왕로 10,Y,서울 구로구 천왕로 10
SH,구로구,천왕이펜하우스4단지,"국민,장기",366,2011-08-15,"천왕로 29 (천왕동 273, 천왕 이펜하우스 4단지)",08364,37.4808009766872,126.838594515677,ok,road,서울 구로구 천왕로 29,Y,서울 구로구 천왕로 29
SH,구로구,천왕이펜하우스1단지,"국민,장기",156,2011-10-12,"천왕로 91 (천왕동 282, 천왕 이펜하우스 1단지)",08364,37.4866893781833,126.837445160952,ok,road,서울 구로구 천왕로 91,Y,서울 구로구 천왕로 91
SH,구로구,천왕이펜하우스3단지,"국민,장기",1002,2011-10-12,"천왕로 56 (천왕동 278, 천왕 이펜하우스 3단지)",08365,37.48305321277,126.838914729764,ok,road,서울 구로구 천왕로 56,Y,서울 구로구 천왕로 56
SH,구로구,천왕2-1(천왕연지타운1),"국민,장기",398,2013-12-25,"오류로 30 (천왕동 280, 천왕연지타운1단지)",08350,37.4863679517074,126.83999205713,ok,road,서울 구로구 오류로 30,Y,서울 구로구 오류로 30
SH,구로구,천왕2-2(천왕연지타운2),"국민,장기",670,2014-02-03,"오리로 1102-10 (천왕동 281, 천왕연지타운2단지)",08350,37.4840144134269,126.84334132511,ok,road,서울 구로구 오리로 1102-10,Y,서울 구로구 오리로 1102-10
SH,구로구,개봉푸르지오,재건축,115,2014-05-21,"남부순환로 775 (개봉동 492, 개봉푸르지오)",08236,37.5015678689641,126.847162335199,ok,road,서울 구로구 남부순환로 775,Y,서울 구로구 남부순환로 775
SH,구로구,천왕공공원룸텔(천왕여성안심주택),기타임대,96,2015-01-29,"천왕로50 (천왕동 산25-8, 천왕이펜하우스S)",08365,37.4816510776901,126.838660411132,ok,road,서울 구로구 천왕로 50,Y,서울 구로구 천왕로50
SH,구로구,천왕지구7단지(행복주택),행복(공사 건설형),374,2015-10-27,"천왕로 21 (천왕동 274, 천왕이펜하우스7단지)",08364,37.4791754743291,126.838929498352,ok,road,서울 구로구 천왕로 21,Y,서울 구로구 천왕로 21
SH,구로구,천왕2도시형생활주택(연지마을1),행복(공사 건설형),181,2017-09-01,"오류로 36-13 (천왕동 14-116, 천왕연지마을1단지)",08350,37.4881667239892,126.84126231209,ok,road,서울 구로구 오류로 36-13,Y,서울 구로구 오류로 36-13
SH,구로구,천왕2도시형생활주택(연지마을2),행복(공사 건설형),138,2017-09-01,"오리로 1102-13 (천왕동 산13-13, 천왕연지마을2단지)",08350,37.4847535592833,126.842429822378,ok,road,서울 구로구 오리로 1102-13,Y,서울 구로구 오리로 1102-13
SH,구로구,천왕이펜하우스 8단지(천왕지구 8단지),행복(공사 건설형),298,2018-09-28,금오로882 (천왕동 산19-1),08271,37.4760030858366,126.842316036524,ok,road,서울 구로구 금오로 882,Y,서울 구로구 금오로882
SH,구로구,고척리본타운(고척동 156 장기전세),"장기,행복(공사 건설형)",39,2018-09-28,"고척로52나길25 (고척동 156, 고척리본타운)",08278,37.5051267076885,126.857360185143,ok,road,서울 구로구 고척로52나길 25,Y,서울 구로구 고척로52나길25
SH,구로구,항동하버라인8단지(항동지구 8단지),국민,384,2018-11-13,서해안로2036 (항동 218 항동하버라인),08368,37.4756237727979,126.818706218661,ok,road,서울 구로구 서해안로 2036,Y,서울 구로구 서해안로2036
SH,구로구,항동하버라인3단지,국민,438,2019-02-28,항동로 43 (항동 171-4),08368,37.4789423906036,126.824571211875,ok,road,서울 구로구 항동로 43,Y,서울 구로구 항동로 43
SH,구로구,항동하버라인9단지,행복(공사 건설형),298,2019-02-28,항동로 68 (항동 136-5),08368,37.4804265202648,126.825842832721,ok,road,서울 구로구 항동로 68,Y,서울 구로구 항동로 68
SH,구로구,항동하버라인10단지,행복(공사 건설형),297,2019-02-28,항동로 60 (항동 135-57),08368,37.4793797900634,126.825823102553,ok,road,서울 구로구 항동로 60,Y,서울 구로구 항동로 60
SH,구로구,항동하버라인11단지,행복(공사 건설형),276,2019-02-28,연동로 191-5 (항동 179),08368,37.4780432643291,126.822333327571,ok,road,서울 구로구 연동로 191-5,Y,서울 구로구 연동로 191-5
SH,구로구,항동하버라인4단지,국민,107,2019-06-11,항동로 72 (항동 84),08368,37.4812930891044,126.826871035904,ok,road,서울 구로구 항동로 72,Y,서울 구로구 항동로 72
SH,구로구,항동하버라인2단지,국민,252,2019-07-25,연동로 234 (항동 22-9),08368,37.4817306289239,126.822146411499,ok,road,서울 구로구 연동로 234,Y,서울 구로구 연동로 234
SH,구로구,오류1동 숲에리움,행복(공사 건설형),180,2020-11-30,경인로 27길7 (오류동 359),08267,37.4970283791018,126.845121920929,ok,road,서울 구로구 경인로27길 7,Y,서울 구로구 경인로 27길7
SH,구로구,크라운빌2차(신도림동 419-4),행복(재건축),75,2022-07-14,경인로63길 11 (신도림동 419-4),08207,37.507830490102,126.884999387725,ok,road,서울 구로구 경인로63길 11,Y,서울 구로구 경인로63길 11
SH,구로구,신영지웰에스테이트개봉역,"장기전세(재건축), 행복(재건축)",21,2024-07-29,개봉로24길 46,08277,37.4955704479805,126.857645011702,ok,road,서울 구로구 개봉로24길 46,Y,서울 구로구 개봉로24길 46
SH,구로구,호반써밋 개봉,장기전세(재건축),33,2025-02-03,고척로 22길 36,08266,37.4999365965966,126.846812594974,ok,road,서울 구로구 고척로22길 36,Y,서울 구로구 고척로 22길 36
SH,구로구,세이지움 개봉,역세권청년,273,2025-06-09,개봉로19길 11 (개봉동 503),08337,37.4927045475181,126.855656876682,ok,road,서울 구로구 개봉로19길 11,Y,서울 구로구 개봉로19길 11
SH,구로구,천왕역 모아엘가 트레뷰,재건축(장기전세),171,2025-10-01,오리로 1165,08363,37.487534583609,126.837554817274,ok,road,서울 구로구 오리로 1165,Y,서울 구로구 오리로 1165
SH,금천구,시흥목련,주거환경,105,1996-09-16,"금하로3길 26 (시흥동 1009, 시흥목련아파트)",08615,37.4543350072853,126.897439149193,ok,road,서울 금천구 금하로3길 26,Y,서울 금천구 금하로3길 26
SH,금천구,관악벽산타운(시흥2-1),재개발,564,1998-04-21,"금하로 793 (시흥동 1010, 벽산2단지아파트)",08655,37.4522125872144,126.918245309403,ok,road,서울 금천구 금하로 793,Y,서울 금천구 금하로 793
SH,금천구,시흥벽산(시흥1),재개발,1288,2002-11-06,"금하로 796 (시흥동 1013-4, 벽산6단지아파트)",08646,37.4490082825906,126.916525916717,ok,road,서울 금천구 금하로 796,Y,서울 금천구 금하로 796
SH,금천구,백운한비치,재건축,9,2008-04-01,"금하로23길 52 (시흥동 1018, 백운한비치Ⅱ)",08571,37.4535771651578,126.909342848147,ok,road,서울 금천구 금하로23길 52,Y,서울 금천구 금하로23길 52
SH,금천구,보린두레주택(금천구 시흥동),기타임대,10,2015-12-07,시흥대로24길 50 (시흥동),08652,37.4412736623508,126.907165358185,ok,road,서울 금천구 시흥대로24길 50,Y,서울 금천구 시흥대로24길 50
SH,금천구,금천롯데캐슬골드파크1차,재건축,183,2016-11-30,"벚꽃로 40 (독산동 1147, 금천롯데캐슬골드파크1차아파트)",08608,37.4600596360114,126.893020585165,ok,road,서울 금천구 벚꽃로 40,Y,서울 금천구 벚꽃로 40
SH,금천구,더 더블유 서울,행복(재건축),15,2024-01-08,가산로137(가산동143-7),08515,37.4774957795187,126.891210134081,ok,road,서울 금천구 가산로 137,Y,서울 금천구 가산로137
SH,노원구,하계5,영구임대,640,1989-11-15,"섬밭로 201 (하계동 272, 시영아파트)",01862,37.6338799970697,127.065914193152,ok,road,서울 노원구 섬밭로 201,Y,서울 노원구 섬밭로 201
SH,노원구,중계4,공공임대,1979,1991-12-05,"노원로19길 31 (중계동 511-2, 목화아파트)",01787,37.6434880061432,127.068759543553,ok,road,서울 노원구 노원로19길 31,Y,서울 노원구 노원로19길 31
SH,노원구,중계3,영구임대,2619,1991-12-15,"노원로 331 (중계동 514-3, 시영3단지목련아파트)",01786,37.6461706893207,127.069521539074,ok,road,서울 노원구 노원로 331,Y,서울 노원구 노원로 331
SH,노원구,공릉1,영구임대,1395,1994-12-08,"동일로 1127 (공릉동 708, 공릉1단지아파트)",01851,37.6295747035271,127.069868704519,ok,road,서울 노원구 동일로 1127,Y,서울 노원구 동일로 1127
SH,노원구,월계사슴1,영구임대,1372,1995-06-29,"월계로 372 (월계동 321, 월계사슴1단지아파트)",01905,37.6292472102426,127.059664124595,ok,road,서울 노원구 월계로 372,Y,서울 노원구 월계로 372
SH,노원구,월계사슴2,공공임대,775,1995-06-29,"월계로55길 16 (월계동 320-9, 월계사슴2단지아파트)",01864,37.6329639777027,127.060508959979,ok,road,서울 노원구 월계로55길 16,Y,서울 노원구 월계로55길 16
SH,노원구,학여울청구A(하계2),재개발,486,1997-09-23,"동일로207길 186 (하계동 354, 학여울청구아파트)",01775,37.6379556162713,127.059802173858,ok,road,서울 노원구 동일로207길 186,Y,서울 노원구 동일로207길 186
SH,노원구,월계청백1,공공임대,1147,1998-08-01,"초안산로 89 (월계동 774, 월계청백1단지아파트)",01869,37.6358316688786,127.051926911669,ok,road,서울 노원구 초안산로 89,Y,서울 노원구 초안산로 89
SH,노원구,상계은빛3,공공임대,900,1998-10-15,"동일로250길 17 (상계동 1264, 은빛3단지아파트)",01621,37.6824622661205,127.056770880957,ok,road,서울 노원구 동일로250길 17,Y,서울 노원구 동일로250길 17
SH,노원구,양지대림2(중계4-2),재개발,331,1999-03-16,"덕릉로77길 27 (중계동 588-1, 양지대림2차아파트)",01706,37.6547237482818,127.072761961906,ok,road,서울 노원구 덕릉로77길 27,Y,서울 노원구 덕릉로77길 27
SH,노원구,양지대림1(중계4-1),재개발,468,1999-05-15,"덕릉로73길 31 (중계동 587-1, 양지대림아파트)",01708,37.6522890148804,127.071151120162,ok,road,서울 노원구 덕릉로73길 31,Y,서울 노원구 덕릉로73길 31
SH,노원구,공릉2-6,공공임대,691,1999-10-07,"화랑로51길 81 (공릉동 110, 공릉아파트)",01800,37.6250348426368,127.087400118828,ok,road,서울 노원구 화랑로51길 81,Y,서울 노원구 화랑로51길 81
SH,노원구,상계불암대림(상계7),재개발,206,1999-12-01,"덕릉로94가길 41 (상계동 1290, 상계불암대림아파트)",01649,37.6640399154787,127.077678816788,ok,road,서울 노원구 덕릉로94가길 41,Y,서울 노원구 덕릉로94가길 41
SH,노원구,상계동아불암(상계3-1),재개발,434,2000-02-01,"덕릉로112길 13 (상계동 1286, 동아불암아파트)",01647,37.6660290890895,127.078241474481,ok,road,서울 노원구 덕릉로112길 13,Y,서울 노원구 덕릉로112길 13
SH,노원구,상계불암현대(상계3-2),재개발,472,2000-03-01,"덕릉로118길 27 (상계동 1294, 불암현대아파트)",01646,37.6681161841812,127.080423274337,ok,road,서울 노원구 덕릉로118길 27,Y,서울 노원구 덕릉로118길 27
SH,노원구,상계마들,영구임대,170,2001-06-15,"덕릉로70가길 101 (상계동 771-3, 상계마들아파트)",01772,37.6419755630047,127.057024451007,ok,road,서울 노원구 덕릉로70가길 101,Y,서울 노원구 덕릉로70가길 101
SH,노원구,학여울청구B(하계2B),재개발,378,2001-11-17,"한글비석로 6 (하계동 356, 학여울청구아파트)",01862,37.6326180569215,127.064482449011,ok,road,서울 노원구 한글비석로 6,Y,서울 노원구 한글비석로 6
SH,노원구,온수연립주택,기타임대,15,2003-01-10,"동일로239나길 27 (상계동 1096-14, 온수연립)",01133,37.6764091148215,127.051301676006,ok,road,서울 노원구 동일로239나길 27,Y,서울 노원구 동일로239나길 27
SH,노원구,"상계,장암3단지(수락산리버시티3단지)","국민,장기",360,2009-12-04,"누원로 28 (상계동 1312, 수락리버시티 3단지)",01600,37.6874771708146,127.053554777755,ok,road,서울 노원구 누원로 28,Y,서울 노원구 누원로 28
SH,노원구,"상계,장암4단지(수락산리버시티4단지)","국민,장기",264,2009-12-04,"누원로 18 (상계동 1313, 수락리버시티4단지)",01601,37.6862145785044,127.05287273244,ok,road,서울 노원구 누원로 18,Y,서울 노원구 누원로 18
SH,노원구,공릉공공원룸텔(희망하우징),기타임대,14,2013-03-04,화랑로51가길 3 (공릉동 120-10),01801,37.6236798487776,127.090036180039,ok,road,서울 노원구 화랑로51가길 3,Y,서울 노원구 화랑로51가길 3
SH,노원구,공릉동 657-7 기숙사(희망하우징),기타임대,43,2014-02-20,화랑로 464 (공릉동 657-7),01803,37.6185085207012,127.078860842844,ok,road,서울 노원구 화랑로 464,Y,서울 노원구 화랑로 464
SH,노원구,중계한화꿈에그린,재건축,34,2014-09-01,"덕릉로 83길5 (중계동 606, 한화꿈에그린더퍼스트아파트)",01727,37.6596995373339,127.075020979461,ok,road,서울 노원구 덕릉로83길 5,Y,서울 노원구 덕릉로 83길5
SH,노원구,중계센트럴파크,"국민,장기",229,2016-03-17,"덕릉로70가길 21 (상계동 1322, 중계센트럴파크)",01772,37.6428693745143,127.059507325253,ok,road,서울 노원구 덕릉로70가길 21,Y,서울 노원구 덕릉로70가길 21
SH,노원구,수락리버타운(행복주택),행복(공사 건설형),48,2016-12-01,누원로 19 (상계동 1316),01601,37.6872622204376,127.052502178454,ok,road,서울 노원구 누원로 19,Y,서울 노원구 누원로 19
SH,노원구,녹천역 두산위브(월계4구역),재개발,56,2017-03-29,"마들로5길 25 (월계동 950, 녹천두산위브)",01866,37.6409838052553,127.052256470187,ok,road,서울 노원구 마들로5길 25,Y,서울 노원구 마들로5길 25
SH,노원구,노원센트럴푸르지오(상계4),"재개발,행복(재건축,리츠2호)",152,2020-01-01,수락산로 12 (상계동 1355),01639,37.6643837383358,127.074879033534,ok,road,서울 노원구 수락산로 12,Y,서울 노원구 수락산로 12
SH,노원구,월계센트럴아이파크(월계2),행복(재건축),69,2020-04-01,초안산로2라길 26(월계동 951),01879,37.6300099286586,127.05667170993,ok,road,서울 노원구 초안산로2라길 26,Y,서울 노원구 초안산로2라길 26
SH,노원구,포레나노원(상계8),행복(재건축),141,2020-12-28,노원로38길 10 (상계동 677),01677,37.6615730140086,127.062205893931,ok,road,서울 노원구 노원로38길 10,Y,서울 노원구 노원로38길 10
SH,노원구,태릉해링턴플레이스(태릉현대),행복(재건축),45,2022-01-24,공릉로34길 86 (공릉동 230),01817,37.6257613188734,127.081597642805,ok,road,서울 노원구 공릉로34길 86,Y,서울 노원구 공릉로34길 86
SH,노원구,YN타워(공릉동 617-3외 2필지),역세권청년,75,2022-05-30,동일로 1000 (공릉동 617-3),01849,37.6194889944868,127.075526293582,ok,road,서울 노원구 동일로 1000,Y,서울 노원구 동일로 1000
SH,노원구,노원 롯데캐슬시그니처(상계6),재개발,198,2023-06-30,덕릉로753 (상계동 95-3),01640,37.6658515931357,127.0763205024,ok,road,서울 노원구 덕릉로 753,Y,서울 노원구 덕릉로753
SH,노원구,태릉입구역 이니티움,역세권청년,49,2025-01-08,화랑로 419-3,01860,37.6173556189162,127.073844271243,ok,road,서울 노원구 화랑로 419-3,Y,서울 노원구 화랑로 419-3
SH,노원구,광운대역 현대프라힐스,역세권청년,95,2025-12-29,석계로15길 14(월계동),01894,37.6223936382771,127.060793886332,ok,road,서울 노원구 석계로15길 14,Y,서울 노원구 석계로15길 14
SH,도봉구,도봉서원,주거환경,734,1996-10-15,"마들로 684-20 (도봉동 641-1, 서원아파트)",01330,37.6698177306831,127.046971371013,ok,road,서울 도봉구 마들로 684-20,Y,서울 도봉구 마들로 684-20
SH,도봉구,도봉서광,주거환경,45,1999-09-27,"마들로 770 (도봉동 643, 서광아파트)",01323,37.6790159706909,127.050128939851,ok,road,서울 도봉구 마들로 770,Y,서울 도봉구 마들로 770
SH,도봉구,북한산코오롱하늘채(쌍문1),재개발,50,2013-10-25,"우이천로 367 (쌍문동 732, 북한산코오롱하늘채아파트)",01370,37.6479009533005,127.024040591366,ok,road,서울 도봉구 우이천로 367,Y,서울 도봉구 우이천로 367
SH,도봉구,방학동 393-16 두레주택(현물출자),기타임대,6,2013-12-29,시루봉로15라길 63 (방학동 393-16),01314,37.6708076703281,127.032742701418,ok,road,서울 도봉구 시루봉로15라길 63,Y,서울 도봉구 시루봉로15라길 63
SH,도봉구,방학동 394-11 두레주택(현물출자),기타임대,2,2013-12-29,시루봉로17길 48-2 (방학동 394-11),01314,37.6694492027206,127.032306741646,ok,road,서울 도봉구 시루봉로17길 48-2,Y,서울 도봉구 시루봉로17길 48-2
SH,도봉구,창업지원주택(창동)_서울리츠2호,행복(리츠2호),48,2020-11-16,마들로13길 84 (창동 1-8),01411,37.6553762989464,127.048003501007,ok,road,서울 도봉구 마들로13길 84,Y,서울 도봉구 마들로13길 84
SH,도봉구,인히어쌍문(쌍문동 103-6외 1필지),역세권청년,70,2022-05-30,도봉로 445 (쌍문동 103-6),01448,37.6458670929817,127.032590678837,ok,road,서울 도봉구 도봉로 445,Y,서울 도봉구 도봉로 445
SH,도봉구,초행지붕-창동,행복(공사 건설형),4,2022-07-04,우이천로4다길 40-6 (창동 531-5),01479,37.6357914713746,127.040454508995,ok,road,서울 도봉구 우이천로4다길 40-6,Y,서울 도봉구 우이천로4다길 40-6
SH,도봉구,에드가쌍문(쌍문동 507-1),역세권청년,48,2022-07-04,삼양로 602 (쌍문동 507-1),01005,37.6565790263286,127.014087073427,ok,road,서울 도봉구 삼양로 602,Y,서울 도봉구 삼양로 602
SH,도봉구,초행지붕 쌍문(460-45),행복(공사 건설형),7,2023-01-10,우이천로38라길 17-3 (쌍문동 460-45),01376,37.6527174203573,127.0236364555,ok,road,서울 도봉구 우이천로38라길 17-3,Y,서울 도봉구 우이천로38라길 17-3
SH,동대문구,청량리한신(청량리4),재개발,610,1997-07-01,"제기로 129 (청량리동 59, 한신아파트)",02463,37.5874901917915,127.047645793449,ok,road,서울 동대문구 제기로 129,Y,서울 동대문구 제기로 129
SH,동대문구,전농동아(답십리6-4),재개발,220,1997-11-04,"서울시립대로 31 (전농동 645-2, 동아아파트)",02591,37.5753105451014,127.045864474612,ok,road,서울 동대문구 서울시립대로 31,Y,서울 동대문구 서울시립대로 31
SH,동대문구,답십리동아(답십리8),재개발,492,1999-09-01,"한천로11길 10 (답십리동 10-1, 동아아파트)",02612,37.5686194800469,127.061005631478,ok,road,서울 동대문구 한천로11길 10,Y,서울 동대문구 한천로11길 10
SH,동대문구,답십리청솔우성(답십리7),재개발,432,2000-05-16,"답십리로57길 53 (답십리동 80-1, 답십리청솔우성아파트)",02536,37.5748615722558,127.061182225343,ok,road,서울 동대문구 답십리로57길 53,Y,서울 동대문구 답십리로57길 53
SH,동대문구,이문현대(이문1),재개발,188,2000-07-07,"한천로58길 135 (이문동 54-1, 현대아파트)",02422,37.6022977599464,127.070735664827,ok,road,서울 동대문구 한천로58길 135,Y,서울 동대문구 한천로58길 135
SH,동대문구,전농SK(전농4),재개발,848,2000-07-20,"전농로10길 111 (전농동 10-1, 전농SK아파트)",02532,37.5775321613079,127.063155792877,ok,road,서울 동대문구 전농로10길 111,Y,서울 동대문구 전농로10길 111
SH,동대문구,전농삼성(전농5),재개발,139,2000-08-31,"전농로 190 (전농동 155-1, 전농동삼성아파트)",02505,37.58132979519,127.055560743052,ok,road,서울 동대문구 전농로 190,Y,서울 동대문구 전농로 190
SH,동대문구,제기한신(제기2),재개발,260,2000-09-01,"회기로8길 20 (제기동 1212-1, 한신아파트)",02467,37.5905325185543,127.039762529212,ok,road,서울 동대문구 회기로8길 20,Y,서울 동대문구 회기로8길 20
SH,동대문구,답십리두산(답십리9),재개발,310,2000-09-20,"답십리로56길 21-1 (답십리동 990-1, 두산아파트)",02613,37.5697768024358,127.059248769922,ok,road,서울 동대문구 답십리로56길 21-1,Y,서울 동대문구 답십리로56길 21-1
SH,동대문구,이문쌍용,재개발,245,2001-02-21,"한천로58길 75-45 (이문동 64-1, 쌍용아파트)",02423,37.6015332826351,127.067796621969,ok,road,서울 동대문구 한천로58길 75-45,Y,서울 동대문구 한천로58길 75-45
SH,동대문구,답십리대우(답십리11),재개발,108,2001-04-30,"답십리로41길 7 (답십리동 111-1, 답십리대우아파트)",02542,37.5730864574022,127.054512046092,ok,road,서울 동대문구 답십리로41길 7,Y,서울 동대문구 답십리로41길 7
SH,동대문구,홍릉동부(청량리5),재개발,150,2001-10-29,"제기로26길 26 (청량리동 213, 동부센트레빌아파트)",02484,37.585388616167,127.04514945427,ok,road,서울 동대문구 제기로26길 26,Y,서울 동대문구 제기로26길 26
SH,동대문구,이문중앙하이츠빌(이문4),재개발,70,2002-07-11,"휘경로11길 52 (이문동 84-1, 중앙하이츠빌)",02427,37.5969976350814,127.064857083472,ok,road,서울 동대문구 휘경로11길 52,Y,서울 동대문구 휘경로11길 52
SH,동대문구,답십리대림(답십리10),재개발,47,2002-12-03,"답십리로60길 38 (답십리동 808, 대림아파트)",02609,37.5710612118468,127.063837207535,ok,road,서울 동대문구 답십리로60길 38,Y,서울 동대문구 답십리로60길 38
SH,동대문구,이문대림(이문3),재개발,181,2003-06-25,"이문로54길 16 (이문동 225-1, 이문e편한세상아파트)",02407,37.6047688747257,127.062997842319,ok,road,서울 동대문구 이문로54길 16,Y,서울 동대문구 이문로54길 16
SH,동대문구,신이문어울림,재건축,13,2009-03-31,"신이문로 9 (이문동 428, 신이문 금호어울림)",02406,37.6031629394921,127.063354117613,ok,road,서울 동대문구 신이문로 9,Y,서울 동대문구 신이문로 9
SH,동대문구,용두두산위브(용두2),재개발,95,2009-04-15,"정릉천동로 16 (용두동 791, 용두두산위브)",02590,37.5734678565527,127.035306481469,ok,road,서울 동대문구 정릉천동로 16,Y,서울 동대문구 정릉천동로 16
SH,동대문구,답십리래미안,재개발,52,2009-05-25,"한천로33길 11 (답십리동 1000-1, 래미안엘파인아파트)",02535,37.5755519113019,127.06699625602,ok,road,서울 동대문구 한천로33길 11,Y,서울 동대문구 한천로33길 11
SH,동대문구,래미안용두1차(용두1),재개발,210,2010-03-26,"고산자로29길 18 (용두동 792-1, 래미안허브리츠)",02567,37.5763851129794,127.037018839672,ok,road,서울 동대문구 고산자로29길 18,Y,서울 동대문구 고산자로29길 18
SH,동대문구,래미안아름숲(전농6),재개발,148,2010-12-06,"전농로16길 51 (전농동 688, 래미안아름숲)",02508,37.5783342071942,127.060438346864,ok,road,서울 동대문구 전농로16길 51,Y,서울 동대문구 전농로16길 51
SH,동대문구,휘경센트레빌(휘경2),재개발,51,2011-01-03,"외대역동로 14 (휘경동 367, 휘경센트레빌)",02502,37.5909683833441,127.068673152616,ok,road,서울 동대문구 외대역동로 14,Y,서울 동대문구 외대역동로 14
SH,동대문구,청계한신휴플러스,재건축,20,2011-01-20,"서울시립대로 14 (답십리동 1002, 청계한신휴플러스)",02593,37.5720742467292,127.047273509268,ok,road,서울 동대문구 서울시립대로 14,Y,서울 동대문구 서울시립대로 14
SH,동대문구,일성트루엘,재건축,10,2011-07-08,"천호대로83길 71-7 (장안동 581, 일성트루엘아파트)",02629,37.5652028001255,127.065893363254,ok,road,서울 동대문구 천호대로83길 71-7,Y,서울 동대문구 천호대로83길 71-7
SH,동대문구,브라운스톤휘경(휘경4),재개발,78,2012-01-27,"망우로20길 86 (휘경동 368, 브라운스톤 휘경)",02501,37.5899979987381,127.06553172159,ok,road,서울 동대문구 망우로20길 86,Y,서울 동대문구 망우로20길 86
SH,동대문구,래미안크레시티(전농7),재개발,413,2013-05-03,"사가정로 65 (전농동 690, 래미안크레시티아파트)",02553,37.5755060418781,127.049695860484,ok,road,서울 동대문구 사가정로 65,Y,서울 동대문구 사가정로 65
SH,동대문구,래미안위브(답십리16),재개발,453,2014-10-06,"답십리로 130 (답십리동 1003, 래미안위브아파트)",02598,37.5728549565736,127.052401156065,ok,road,서울 동대문구 답십리로 130,Y,서울 동대문구 답십리로 130
SH,동대문구,용두롯데캐슬리치(용두4구역),재개발,57,2015-03-17,"한빛로 73 (용두동 794, 용두롯데캐슬리치)",02577,37.5794976614097,127.030492933066,ok,road,서울 동대문구 한빛로 73,Y,서울 동대문구 한빛로 73
SH,동대문구,휘경마을 두레주택,기타임대,6,2017-08-28,망우로18다길 31-5(휘경동),02498,37.5860585029968,127.061159234062,ok,road,서울 동대문구 망우로18다길 31-5,Y,서울 동대문구 망우로18다길 31-5
SH,동대문구,동대문롯데캐슬노블레스(전농11구역),재개발,100,2018-07-02,답십리로 23길 30 (전농동 695),02551,37.5767163112994,127.049782134969,ok,road,서울 동대문구 답십리로23길 30,Y,서울 동대문구 답십리로 23길 30
SH,동대문구,래미안미드카운티(답십리18구역),재개발,172,2018-07-17,답십리로 141 (답십리동 1013),02540,37.5733430631896,127.055281769593,ok,road,서울 동대문구 답십리로 141,Y,서울 동대문구 답십리로 141
SH,동대문구,힐스테이트 청계(대농신안),행복(재건축),114,2018-09-28,"천호대로55길 11 (답십리동 1009, 힐스테이트청계)",02597,37.5715355323262,127.04615896391,ok,road,서울 동대문구 천호대로55길 11,Y,서울 동대문구 천호대로55길 11
SH,동대문구,답십리파크자이아파트(답십리14구역),"재개발,행복(리츠2호)",140,2019-01-25,답십리로56길 105 (답십리동 1014),02616,37.5677702572124,127.058401410042,ok,road,서울 동대문구 답십리로56길 105,Y,서울 동대문구 답십리로56길 105
SH,동대문구,휘경SK VIEW(휘경2구역),"재개발,재건축,행복(재건축,리츠2호)",174,2019-06-04,휘경로 60 (휘경동 372),02434,37.593701245652,127.064897703345,ok,road,서울 동대문구 휘경로 60,Y,서울 동대문구 휘경로 60
SH,동대문구,휘경해모로프레스티지(휘경1),"재개발,행복(리츠2호)",51,2020-02-28,외대역동로1길 60-3 (휘경동 375),02434,37.5916037201805,127.062931601394,ok,road,서울 동대문구 외대역동로1길 60-3,Y,서울 동대문구 외대역동로1길 60-3
SH,동대문구,동대문더퍼스트데시앙(장안동연립),행복(재건축),23,2020-04-01,장한로27가길 37 (장안동 587),02528,37.5750495880554,127.070885574157,ok,road,서울 동대문구 장한로27가길 37,Y,서울 동대문구 장한로27가길 37
SH,동대문구,역세권 공공(휘경동 192-1외 2필지),역세권청년,9,2021-02-15,망우로21나길 6 (휘경동 192-1),02436,37.5905010769991,127.060712681014,ok,road,서울 동대문구 망우로21나길 6,Y,서울 동대문구 망우로21나길 6
SH,동대문구,e편한세상 청계센트럴포레(용두5),"재개발,행복(재건축,리츠2호)",169,2021-11-28,무학로 91 (용두동 795),02587,37.5720012273165,127.030062099678,ok,road,서울 동대문구 무학로 91,Y,서울 동대문구 무학로 91
SH,동대문구,써밋카운티(답십리동 243-6),행복(재건축),3,2022-01-03,전농로 95 (답십리동 243-6),02540,37.5733889046667,127.057213003835,ok,road,서울 동대문구 전농로 95,Y,서울 동대문구 전농로 95
SH,동대문구,래미안엘리니티(용두6),"재개발,행복(리츠2호)",179,2022-08-31,한빛로 49 (용두동 253-9),02578,37.5798417442215,127.026808531973,ok,road,서울 동대문구 한빛로 49,Y,서울 동대문구 한빛로 49
SH,동대문구,청량리역 해링턴플레이스,장기전세(재건축),13,2023-01-31,고산자로34길 70  (용두동 11-1),02560,37.5782923121696,127.042196782039,ok,road,서울 동대문구 고산자로34길 70,Y,서울 동대문구 고산자로34길 70
SH,동대문구,하트리움(동대문구 휘경동 380),역세권청년,80,2023-06-09,망우로 46 (휘경동 380),02496,37.5887655669609,127.058791788697,ok,road,서울 동대문구 망우로 46,Y,서울 동대문구 망우로 46
SH,동대문구,청량리역 롯데캐슬 SKY-L65,장기전세(재건축),64,2024-07-29,전농동 620-47,02559,37.5788571390771,127.045136566595,ok,road,서울 동대문구 전농동 620-47,Y,서울 동대문구 전농동 620-47
SH,동대문구,케이앤케이타워,행복(재건축),5,2024-07-08,답십리동 487-2,02605,37.5677765088699,127.056666068445,ok,road,서울 동대문구 답십리동 487-2,Y,서울 동대문구 답십리동 487-2
SH,동대문구,리스트안암,역세권청년,129,2024-10-01,고산자로 568,02465,37.5900912413047,127.036899493597,ok,road,서울 동대문구 고산자로 568,Y,서울 동대문구 고산자로 568
SH,동대문구,래미안라그란데(이문1구역),재개발,541,2025-01-10,이문로35길 12,02404,37.599823362368,127.061241161796,ok,road,서울 동대문구 이문로35길 12,Y,서울 동대문구 이문로35길 12
SH,동대문구,장안동 하트리움,역세권청년,139,2025-06-09,장한로2길 44(장안동),02645,37.5617041565747,127.067619601884,ok,road,서울 동대문구 장한로2길 44,Y,서울 동대문구 장한로2길 44
SH,동대문구,휘경자이디센시아(휘경3구역),"재개발,행복(재건축)",433,2025-06-30,외대역동로 63-27(휘경동172),02431,37.5917863312852,127.061256881457,ok,road,서울 동대문구 외대역동로 63-27,Y,서울 동대문구 외대역동로 63-27
SH,동대문구,힐스테이트 청량리 메트로블,"장기전세(재건축), 행복(재건축)",60,2025-08-01,고산자로 420(용두동 45-11),02560,37.5771553592083,127.038746521172,ok,road,서울 동대문구 고산자로 420,Y,서울 동대문구 고산자로 420
SH,동대문구,이문 아이파크 자이,"장기전세(재건축), 행복(재건축)",684,2025-12-29,이문로 120 (이문동),02418,37.5984702182265,127.062682937358,ok,road,서울 동대문구 이문로 120,Y,서울 동대문구 이문로 120
SH,동작구,상도삼호(상도5),재개발,221,1994-02-28,"상도로 407 (상도동 408, 삼호아파트)",07026,37.4939173850834,126.95777327345,ok,road,서울 동작구 상도로 407,Y,서울 동작구 상도로 407
SH,동작구,신대방,주거환경,48,1995-05-18,"보라매로 83 (신대방동 705, 신대방아파트)",07060,37.4966586765235,126.927339768223,ok,road,서울 동작구 보라매로 83,Y,서울 동작구 보라매로 83
SH,동작구,흑석청호,주거환경,170,1997-11-04,"서달로2길 29 (흑석동 327, 청호아파트)",06986,37.5019032323692,126.962734780596,ok,road,서울 동작구 서달로2길 29,Y,서울 동작구 서달로2길 29
SH,동작구,상도건영(본동2-2),재개발,552,1997-11-11,"만양로 26 (상도동 414, 건영아파트)",06918,37.5076264776599,126.949547851693,ok,road,서울 동작구 만양로 26,Y,서울 동작구 만양로 26
SH,동작구,사당신동아(사당5),재개발,110,1999-03-17,"동작대로29길 118 (사당동 1137, 신동아아파트)",06998,37.4910414805382,126.977148222194,ok,road,서울 동작구 동작대로29길 118,Y,서울 동작구 동작대로29길 118
SH,동작구,상도신동아(상도1),재개발,925,2000-11-04,"만양로 19 (노량진동 325, 신동아리버파크아파트)",06920,37.5070717430905,126.945718197277,ok,road,서울 동작구 만양로 19,Y,서울 동작구 만양로 19
SH,동작구,상도래미안1차(상도2),재개발,164,2002-12-28,"등용로 37 (상도동 450, 상도래미안1차아파트)",06948,37.5052397636547,126.933133919908,ok,road,서울 동작구 등용로 37,Y,서울 동작구 등용로 37
SH,동작구,상도3쌍용,재개발,65,2004-02-02,"상도로 107 (상도동 418, 쌍용스윗닷홈)",06952,37.502402302074,126.931069219375,ok,road,서울 동작구 상도로 107,Y,서울 동작구 상도로 107
SH,동작구,본동한신휴플러스(본동2-3),재개발,134,2004-08-12,"매봉로 99 (본동 487, 한신휴플러스아파트)",06916,37.5092074718276,126.949130340547,ok,road,서울 동작구 매봉로 99,Y,서울 동작구 매봉로 99
SH,동작구,본동SH-ville(본동4),재개발,176,2006-11-08,"노량진로22길 60 (본동 490, 본동 에스에이치빌)",06915,37.5107890642112,126.949689254453,ok,road,서울 동작구 노량진로22길 60,Y,서울 동작구 노량진로22길 60
SH,동작구,상도SH-ville(상도4),재개발,953,2006-11-08,"상도로53길 70 (상도동 430, 상도에스에이치빌)",06977,37.502534581317,126.954540960439,ok,road,서울 동작구 상도로53길 70,Y,서울 동작구 상도로53길 70
SH,동작구,흑석한강센트레빌(흑석5),재개발,114,2011-06-01,"흑석한강로 12 (흑석동 335, 흑석한강센트레빌)",06981,37.5051798359323,126.964512513845,ok,road,서울 동작구 흑석한강로 12,Y,서울 동작구 흑석한강로 12
SH,동작구,두산위브(사당),재건축,23,2011-11-07,"사당로13길 31 (사당동 1131, 두산위브 트레지움)",07004,37.4858029952773,126.971254780365,ok,road,서울 동작구 사당로13길 31,Y,서울 동작구 사당로13길 31
SH,동작구,래미안트윈파크(본동5),재개발,91,2012-01-03,"노량진로23가길 23 (본동 494, 래미안 트윈파크)",06902,37.5133034686366,126.951782471081,ok,road,서울 동작구 노량진로23가길 23,Y,서울 동작구 노량진로23가길 23
SH,동작구,흑석한강푸르지오(흑석4),재개발,147,2012-07-23,"흑석한강로 27 (흑석동 336, 흑석한강푸르지오)",06981,37.5040994188129,126.966284444741,ok,road,서울 동작구 흑석한강로 27,Y,서울 동작구 흑석한강로 27
SH,동작구,흑석한강센트레빌2차(흑석6),재개발,165,2013-01-16,"서달로 91 (흑석동 339, 흑석한강센트레빌2차)",06975,37.5031656177406,126.958890979647,ok,road,서울 동작구 서달로 91,Y,서울 동작구 서달로 91
SH,동작구,"사당동 303-187 공공원룸텔(구, 303-37)",기타임대,30,2014-09-15,남부순환로255다길 20 (사당동 303-187),07021,37.4774862621388,126.971376448567,ok,road,서울 동작구 남부순환로255다길 20,Y,서울 동작구 남부순환로255다길 20
SH,동작구,상도동 효성해링턴플레이스,재건축,55,2016-04-19,"상도로 207 (상도동 536, 상도효성해링턴플레이스)",06921,37.5055712636346,126.941856308051,ok,road,서울 동작구 상도로 207,Y,서울 동작구 상도로 207
SH,동작구,상도두산위브트레지움,재건축,160,2016-08-26,"상도로30길 40 (상도동 535, 상도2차두산위브트레지움아파트)",06964,37.5043182643342,126.942466980966,ok,road,서울 동작구 상도로30길 40,Y,서울 동작구 상도로30길 40
SH,동작구,상도파크자이(상도제10구역),재개발,84,2016-09-08,"장승배기로11가길 11 (상도동 900, 상도파크자이)",06937,37.5055659930949,126.938911240196,ok,road,서울 동작구 장승배기로11가길 11,Y,서울 동작구 장승배기로11가길 11
SH,동작구,래미안 로이파크(사당1구역),행복(재건축),58,2018-09-28,"사당로 23길 112 (사당동 1159, 래미안로이파크)",07001,37.4878281721514,126.973484900483,ok,road,서울 동작구 사당로23길 112,Y,서울 동작구 사당로 23길 112
SH,동작구,아크로리버하임(흑석7구역),"재개발,행복(리츠2호)",162,2018-11-26,"현충로 52 (흑석동 341, 아크로리버하임)",06909,37.5096317962488,126.962204212791,ok,road,서울 동작구 현충로 52,Y,서울 동작구 현충로 52
SH,동작구,에듀포레아파트(흑석8구역),"재개발,행복(리츠2호)",94,2018-12-01,서달로 123 (흑석동 340),06973,37.5042118646331,126.959673143176,ok,road,서울 동작구 서달로 123,Y,서울 동작구 서달로 123
SH,동작구,e편한세상상도노빌리티(상도대림),행복(재건축),5,2019-10-07,만양로 6 (상도동 903),06919,37.5049818982281,126.946788478219,ok,road,서울 동작구 만양로 6,Y,서울 동작구 만양로 6
SH,동작구,학수복합,행복(리츠2호),7,2020-01-31,사당로27길 217 (사당동 177-1),06989,37.4914693929369,126.970722505189,ok,road,서울 동작구 사당로27길 217,Y,서울 동작구 사당로27길 217
SH,동작구,"상도동211-435, 467 행복주택(서울리츠2호)",행복(리츠2호),25,2020-11-18,양녕로 210-4 (상도동 211-467),07035,37.4996280752017,126.944723200368,ok,road,서울 동작구 양녕로 210-4,Y,서울 동작구 양녕로 210-4
SH,동작구,더클래식동작(역세권 공공(노량진동 37-1)),역세권청년,37,2021-02-15,노량진로8길 55 (노량진동 37-1),06829,37.5123712815087,126.938564785768,ok,road,서울 동작구 노량진로8길 55,Y,서울 동작구 노량진로8길 55
SH,동작구,보라매자이(동작트인시아),"행복(재건축),재건축",258,2022-01-03,여의대방로22길 121 (신대방동 724),07056,37.4983519180861,126.925286048904,ok,road,서울 동작구 여의대방로22길 121,Y,서울 동작구 여의대방로22길 121
SH,동작구,이수푸르지오더프레티움(사당3),행복(재건축),7,2022-07-04,동작대로 39길 39 (사당동 42),06995,37.4937647052236,126.979727883065,ok,road,서울 동작구 동작대로39길 39,Y,서울 동작구 동작대로 39길 39
SH,동작구,흑석리버파크자이(흑석3),재개발,338,2023-05-02,서달로 90 (흑석동 253-89),06987,37.5024629483784,126.963346676611,ok,road,서울 동작구 서달로 90,Y,서울 동작구 서달로 90
SH,동작구,동작구 사당동 1044-1,역세권청년,24,2024-05-20,동작구 사당동 1044-1,07025,37.4771382797387,126.978545521999,ok,road,서울 동작구 사당동 1044-1,Y,서울 동작구 사당동 1044-1
SH,동작구,더써밋 타워,역세권청년,40,2024-09-02,장승배기로 174,06922,37.5130276783933,126.940710722146,ok,road,서울 동작구 장승배기로 174,Y,서울 동작구 장승배기로 174
SH,동작구,골드타워,역세권청년,165,2025-06-09,동작구 보라매로 105(신대방동 351-5),07056,37.4986631407947,126.927773326345,ok,road,서울 동작구 보라매로 105,Y,서울 동작구 보라매로 105
SH,마포구,성산,영구임대,1807,1991-07-10,"월드컵로 207 (성산동 595, 도시개발공사성산아파트)",03953,37.5646567389722,126.901750615571,ok,road,서울 마포구 월드컵로 207,Y,서울 마포구 월드컵로 207
SH,마포구,염리상록,주거환경,178,1997-09-09,"숭문길 106 (염리동 515-1, 상록아파트)",04127,37.5509248817864,126.946795894081,ok,road,서울 마포구 숭문길 106,Y,서울 마포구 숭문길 106
SH,마포구,창전삼성,재개발,311,1997-12-01,"서강로 95 (창전동 437, 창전동삼성아파트)",04064,37.5520441337502,126.932100095013,ok,road,서울 마포구 서강로 95,Y,서울 마포구 서강로 95
SH,마포구,도화현대2차,재개발,793,1998-12-14,"새창로8길 72 (도화동 353, 현대2차아파트)",04180,37.5386455029351,126.951342079019,ok,road,서울 마포구 새창로8길 72,Y,서울 마포구 새창로8길 72
SH,마포구,공덕삼성(공덕1),재개발,226,1999-12-06,"마포대로 115-8 (공덕동 371, 공덕삼성아파트)",04145,37.5459150093178,126.950622303108,ok,road,서울 마포구 마포대로 115-8,Y,서울 마포구 마포대로 115-8
SH,마포구,마포태영(대흥태영),재개발,568,2000-02-01,"독막로 266 (대흥동 660, 대흥동태영아파트)",04153,37.5438675433938,126.942389642584,ok,road,서울 마포구 독막로 266,Y,서울 마포구 독막로 266
SH,마포구,신공덕삼성,재개발,376,2000-08-14,"백범로37길 6 (신공덕동 157, 신공덕1차삼성래미안아파트)",04193,37.5423808802011,126.956206500829,ok,road,서울 마포구 백범로37길 6,Y,서울 마포구 백범로37길 6
SH,마포구,신공덕2삼성,재개발,103,2001-02-10,"만리재로 74 (신공덕동 159, 신공덕2차삼성래미안)",04187,37.5464519366705,126.958912258488,ok,road,서울 마포구 만리재로 74,Y,서울 마포구 만리재로 74
SH,마포구,염리삼성,재개발,109,2001-04-20,"백범로25길 83 (염리동 519, 염리삼성래미안)",04139,37.5498379190734,126.947809039586,ok,road,서울 마포구 백범로25길 83,Y,서울 마포구 백범로25길 83
SH,마포구,공덕2삼성(공덕2),재개발,199,2002-09-27,"만리재옛길 101 (공덕동 44, 삼성래미안공덕2차아파트)",04204,37.5512928953069,126.96098814072,ok,road,서울 마포구 만리재옛길 101,Y,서울 마포구 만리재옛길 101
SH,마포구,상암월드컵1,공공임대,820,2003-09-30,"월드컵북로47길 8 (상암동 1634, 상암월드컵아파트 1단지)",03913,37.5747581541862,126.893339869101,ok,road,서울 마포구 월드컵북로47길 8,Y,서울 마포구 월드컵북로47길 8
SH,마포구,외국인임대(DMC빌),외국인,175,2007-09-01,"월드컵북로60길 13 (상암동 1584, DMC VILLE(외국인임대주택))",03921,37.5823437577897,126.884670667242,ok,road,서울 마포구 월드컵북로60길 13,Y,서울 마포구 월드컵북로60길 13 )
SH,마포구,상암3-8단지,국민,840,2008-02-16,"월드컵로42길 12 (상암동 1674, 상암월드컵8단지)",03906,37.5780610839874,126.882677462253,ok,road,서울 마포구 월드컵로42길 12,Y,서울 마포구 월드컵로42길 12
SH,마포구,망원동 동원데자뷰,재건축,7,2009-03-31,"방울내로9안길 57 (망원동 516, 동원데자뷰아파트)",03955,37.5603372986353,126.899850890462,ok,road,서울 마포구 방울내로9안길 57,Y,서울 마포구 방울내로9안길 57
SH,마포구,월드컵아이파크1차,재건축,12,2009-03-31,"모래내로9길 6 (성산동 667, 월드컵아이파크)",03952,37.5671322554713,126.914155248168,ok,road,서울 마포구 모래내로9길 6,Y,서울 마포구 모래내로9길 6
SH,마포구,월드컵아이파크2차,재건축,6,2009-03-31,"모래내로9길 3 (성산동 666, 월드컵아이파크)",03952,37.5669075817354,126.91333928814,ok,road,서울 마포구 모래내로9길 3,Y,서울 마포구 모래내로9길 3
SH,마포구,상암월드컵파크11단지(상암2지구1단지),"국민,장기",530,2010-06-27,"월드컵북로 502-37 (상암동 1741, 상암월드컵파크11단지)",03916,37.5877570006889,126.882286460975,ok,road,서울 마포구 월드컵북로 502-37,Y,서울 마포구 월드컵북로 502-37
SH,마포구,상암월드컵파크10단지(상암2지구3단지),"국민,장기",719,2010-07-24,"월드컵북로 502-36 (상암동 1736, 상암월드컵파크10단지)",03918,37.5863328492209,126.881972706527,ok,road,서울 마포구 월드컵북로 502-36,Y,서울 마포구 월드컵북로 502-36
SH,마포구,상암월드컵파크9단지(상암2지구4단지),"국민,장기",766,2010-10-28,"월드컵북로 501 (상암동 1752, 상암월드컵파크9단지)",03902,37.584799731744,126.878170672181,ok,road,서울 마포구 월드컵북로 501,Y,서울 마포구 월드컵북로 501
SH,마포구,상암월드컵파크12단지(상암2지구2단지),"국민,장기",166,2010-10-30,"월드컵북로 502-7 (상암동 1743, 상암월드컵파크12단지)",03915,37.5868307330562,126.88071335805,ok,road,서울 마포구 월드컵북로 502-7,Y,서울 마포구 월드컵북로 502-7
SH,마포구,래미안공덕5차(공덕5),재개발,136,2011-04-01,"마포대로 173-15 (공덕동 469, 래미안 공덕5차)",04131,37.5511907247163,126.952174302053,ok,road,서울 마포구 마포대로 173-15,Y,서울 마포구 마포대로 173-15
SH,마포구,연남동희망하우징,기타임대,30,2012-12-10,"성미산로17길 79 (연남동 487-35, 서울공공주택연남동희망원룸)",03974,37.5650216839859,126.917198347454,ok,road,서울 마포구 성미산로17길 79,Y,서울 마포구 성미산로17길 79
SH,마포구,메세나폴리스(합정1),재개발,77,2013-04-03,"양화로 45 (서교동 490, 메세나폴리스)",04036,37.5515008030203,126.91395024016,ok,road,서울 마포구 양화로 45,Y,서울 마포구 양화로 45
SH,마포구,마포자이2차(대흥3),재개발,96,2014-04-10,"서강대길 40 (대흥동 804, 마포자이2차아파트)",04111,37.5491900433435,126.941169713609,ok,road,서울 마포구 서강대길 40,Y,서울 마포구 서강대길 40
SH,마포구,래미안마포리버웰(용강2),재개발,97,2014-07-31,"토정로31길 23 (용강동 502, 마포 리버웰)",04161,37.5416401804529,126.941469163819,ok,road,서울 마포구 토정로31길 23,Y,서울 마포구 토정로31길 23
SH,마포구,래미안밤섬리베뉴1차(상수1),재개발,73,2014-11-19,"독막로20나길 22 (상수동 402, 래미안 밤섬리베뉴Ⅰ)",04076,37.5460936124582,126.924865001583,ok,road,서울 마포구 독막로20나길 22,Y,서울 마포구 독막로20나길 22
SH,마포구,래미안밤섬리베뉴2차(상수2),재개발,91,2014-11-19,"독막로20나길 21 (상수동 398, 래미안 밤섬리베뉴Ⅱ)",04077,37.5468678155672,126.926979191702,ok,road,서울 마포구 독막로20나길 21,Y,서울 마포구 독막로20나길 21
SH,마포구,e편한세상 마포리버파크(용강3),재개발,93,2015-02-25,"토정로31길 24 (용강동 508, e편한세상 마포3차)",04166,37.5423425578858,126.943794032979,ok,road,서울 마포구 토정로31길 24,Y,서울 마포구 토정로31길 24
SH,마포구,공덕자이(아현4),재개발,201,2015-08-10,"마포대로26길 22 (아현동 799, 공덕자이 아파트)",04202,37.5546723572711,126.958860892411,ok,road,서울 마포구 마포대로26길 22,Y,서울 마포구 마포대로26길 22
SH,마포구,현석2구역,재개발,132,2016-02-24,"토정로18길 11 (현석동 225, 래미안웰스트림)",04091,37.5438480395093,126.934854499348,ok,road,서울 마포구 토정로18길 11,Y,서울 마포구 토정로18길 11
SH,마포구,마포센트럴아이파크(아현1-3),재개발,85,2017-03-23,"마포대로 246 (아현동 802, 아현 I-PARK)",04201,37.5553374570465,126.958555525058,ok,road,서울 마포구 마포대로 246,Y,서울 마포구 마포대로 246
SH,마포구,마포자이3차(염리2구역),"재개발,행복(리츠2호)",160,2018-10-01,숭문길 98 (염리동 533),04126,37.5502789649035,126.946615741024,ok,road,서울 마포구 숭문길 98,Y,서울 마포구 숭문길 98
SH,마포구,마포 창전1단지,행복(재건축),9,2019-10-07,서강로3길 32 (창전동 449),04065,37.5500177865994,126.930854061378,ok,road,서울 마포구 서강로3길 32,Y,서울 마포구 서강로3길 32
SH,마포구,신수1단지,행복(재건축),98,2019-10-07,광성로 17 (신수동 462),04094,37.5503208717883,126.935286024774,ok,road,서울 마포구 광성로 17,Y,서울 마포구 광성로 17
SH,마포구,마포그랑자이(대흥2구역),"재개발,행복(리츠2호)",216,2020-03-21,대흥로 175 (대흥동 12),04105,37.5557712803285,126.943354906623,ok,road,서울 마포구 대흥로 175,Y,서울 마포구 대흥로 175
SH,마포구,서교동 효성해링턴 타워,역세권청년,199,2020-05-01,양화로 72 (서교동 494),04044,37.5508138163956,126.916493990351,ok,road,서울 마포구 양화로 72,Y,서울 마포구 양화로 72
SH,마포구,공덕SK리더스뷰2단지(마포로6구역),"재개발,재건축,행복(재건축,리츠2호)",144,2020-09-01,백범로31길 8 (공덕동 479),04147,37.5449942729365,126.949333367033,ok,road,서울 마포구 백범로31길 8,Y,서울 마포구 백범로31길 8
SH,마포구,마포프레스티지자이(염리3),"재개발,행복(리츠2호)",295,2021-03-29,대흥로24길 24 (염리동 532),04124,37.5539607082089,126.947610265434,ok,road,서울 마포구 대흥로24길 24,Y,서울 마포구 대흥로24길 24
SH,마포구,역세권 공공(창전동 19-8 일원),역세권청년,60,2021-02-22,서강로 75-4 (창전동 450),04065,37.5500762204194,126.931712591893,ok,road,서울 마포구 서강로 75-4,Y,서울 마포구 서강로 75-4
SH,마포구,공덕SK리더스뷰1단지(마포로6구역),재건축,8,2020-09-01,백범로31길 7 (공덕동 479),04147,37.5452545904697,126.948750766953,ok,road,서울 마포구 백범로31길 7,Y,서울 마포구 백범로31길 7
SH,마포구,아현시티(아현동 327-10),행복(재건축),4,2022-01-03,신촌로34길 11 (아현동 327-10),04116,37.5566881593756,126.95467829913,ok,road,서울 마포구 신촌로34길 11,Y,서울 마포구 신촌로34길 11
SH,마포구,홍대크리원,역세권청년,27,2021-12-15,토정로 131 (상수동 355-2),04075,37.5454085678653,126.925409640381,ok,road,서울 마포구 토정로 131,Y,서울 마포구 토정로 131
SH,마포구,마포더클래시,행복(재건축),141,2023-01-09,신촌로 28길 50 (아현동 662),04114,37.5554228042047,126.949370444939,ok,road,서울 마포구 신촌로28길 50,Y,서울 마포구 신촌로 28길 50
SH,마포구,공덕동 크로시티,행복(재건축),350,2023-07-25,백범로 31길 19 (공덕동 370-4),04147,37.5462767640651,126.949144880615,ok,road,서울 마포구 백범로31길 19,Y,서울 마포구 백범로 31길 19
SH,마포구,마포래미안푸르지오,재개발,661,2014-10-30,마포대로195(아현동777),04129,37.5524339233654,126.95422378666,ok,road,서울 마포구 마포대로 195,Y,서울 마포구 마포대로195
SH,마포구,마포푸르지오더센트럴,행복(재건축),5,2024-01-08,마포대로231(아현동275-2),04117,37.5544939950533,126.956447146807,ok,road,서울 마포구 마포대로 231,Y,서울 마포구 마포대로231
SH,마포구,맹그로브신촌(노고산동 56-74),행복(재건축),15,2023-07-10,서울시 마포구 노고산동 56-74 맹그로브신촌,04057,37.5539663748112,126.933939305325,ok,road,서울 마포구 노고산동 56-74,Y,서울 마포구 노고산동 56-74 맹그로브신촌
SH,서대문구,홍제유원(홍제1),재개발,150,1994-08-01,"세검정로 134 (홍제동 454, 유원하나아파트)",03620,37.5946784879132,126.951911979297,ok,road,서울 서대문구 세검정로 134,Y,서울 서대문구 세검정로 134
SH,서대문구,홍은벽산(홍은5-3),재개발,180,1995-06-01,"세검정로1길 95 (홍은동 455-1, 홍은벽산아파트)",03612,37.5959199688468,126.94569176914,ok,road,서울 서대문구 세검정로1길 95,Y,서울 서대문구 세검정로1길 95
SH,서대문구,북가좌삼호(북가좌2),재개발,267,1995-12-15,"거북골로 154 (북가좌동 449, 북가좌삼호아파트)",03690,37.5765626078203,126.913783524957,ok,road,서울 서대문구 거북골로 154,Y,서울 서대문구 거북골로 154
SH,서대문구,인왕산현대(홍제4),재개발,246,1998-04-07,"통일로34길 46 (홍제동 460, 인왕산현대아파트)",03633,37.5858575994513,126.949974583404,ok,road,서울 서대문구 통일로34길 46,Y,서울 서대문구 통일로34길 46
SH,서대문구,홍제원현대(홍제3),재개발,482,1998-04-28,"통일로34길 43 (홍제동 459, 홍제원현대아파트)",03631,37.5883336578387,126.948807747156,ok,road,서울 서대문구 통일로34길 43,Y,서울 서대문구 통일로34길 43
SH,서대문구,독립문극동(현저4),재개발,600,1998-08-20,"독립문공원길 17 (현저동 200, 독립문극동아파트)",03733,37.5723811886189,126.955198449007,ok,road,서울 서대문구 독립문공원길 17,Y,서울 서대문구 독립문공원길 17
SH,서대문구,남가좌현대(남가좌6),재개발,330,1998-12-01,"가재울로 45 (남가좌동 376, 남가좌동현대아파트)",03710,37.5756614284394,126.920851657864,ok,road,서울 서대문구 가재울로 45,Y,서울 서대문구 가재울로 45
SH,서대문구,DMC래미안클라시스(남가좌7),재개발,358,2000-10-04,"증가로 191 (남가좌동 377, 남가좌삼성아파트)",03686,37.5784968293823,126.917392296871,ok,road,서울 서대문구 증가로 191,Y,서울 서대문구 증가로 191
SH,서대문구,냉천동부(냉천),재개발,76,2001-09-14,"독립문로14길 64-6 (냉천동 260-1, 동부센트레빌아파트)",03745,37.5669765337798,126.960937403129,ok,road,서울 서대문구 독립문로14길 64-6,Y,서울 서대문구 독립문로14길 64-6
SH,서대문구,가재울아이파크(가재울뉴타운1),재개발,90,2009-02-02,"거북골로14길 32 (북가좌동 458, DMC아이파크아파트)",03690,37.576951075894,126.914595329134,ok,road,서울 서대문구 거북골로14길 32,Y,서울 서대문구 거북골로14길 32
SH,서대문구,DMC센트레빌(가재울뉴타운2),재개발,100,2009-07-01,"거북골로 120 (남가좌동 381, DMC센트레빌아파트)",03690,37.5754832622486,126.916097519773,ok,road,서울 서대문구 거북골로 120,Y,서울 서대문구 거북골로 120
SH,서대문구,홍은센트레빌(홍은10),재개발,48,2009-08-30,"통일로 553 (홍은동 461, 홍은 센트레빌)",03647,37.5972184006335,126.938208039041,ok,road,서울 서대문구 통일로 553,Y,서울 서대문구 통일로 553
SH,서대문구,돈의문센트레빌(서대문센트레빌),재개발,120,2009-09-30,"독립문로14길 33 (냉천동 261, 돈의문센트레빌)",03746,37.5659199197267,126.959289467461,ok,road,서울 서대문구 독립문로14길 33,Y,서울 서대문구 독립문로14길 33
SH,서대문구,동원베네스트,재건축,22,2012-02-07,"홍은중앙로1길 65 (홍은동 463, 동원베네스트아파트)",03613,37.5984834346677,126.944456625497,ok,road,서울 서대문구 홍은중앙로1길 65,Y,서울 서대문구 홍은중앙로1길 65
SH,서대문구,DMC래미안e편한세상(가재울뉴타운3),재개발,629,2012-11-26,"수색로 100 (북가좌동 481, DMC래미안e편한세상)",03709,37.5747334832097,126.907916083955,ok,road,서울 서대문구 수색로 100,Y,서울 서대문구 수색로 100
SH,서대문구,북아현1-2구역(아현역푸르지오),재개발,163,2015-12-30,북아현로1길 50 (북아현동 1011),03770,37.559690000903,126.952811165218,ok,road,서울 서대문구 북아현로1길 50,Y,서울 서대문구 북아현로1길 50
SH,서대문구,홍제금호어울림,재건축,34,2016-04-19,"모래내로 411 (홍제동 471, 홍제금호어울림)",03644,37.5850572917686,126.940908608914,ok,road,서울 서대문구 모래내로 411,Y,서울 서대문구 모래내로 411
SH,서대문구,DMC파크뷰자이(가재울4),재개발,750,2016-05-12,"가재울미래로 2 (남가좌동 385, DMC파크뷰자이)",03711,37.5744019902031,126.917907814167,ok,road,서울 서대문구 가재울미래로 2,Y,서울 서대문구 가재울미래로 2
SH,서대문구,e편한세상신촌아파트(북아현1-3구역),"재개발,행복(리츠2호)",326,2017-02-17,"북아현로1가길 20 (북아현동 1013, e편한세상신촌 1단지)",03768,37.5580680839066,126.951399056142,ok,road,서울 서대문구 북아현로1가길 20,Y,서울 서대문구 북아현로1가길 20
SH,서대문구,북한산더샵(홍은12),재개발,94,2018-01-02,"통일로510 (홍은동 464, 북한산 더샵)",03615,37.594570187466,126.941167410528,ok,road,서울 서대문구 통일로 510,Y,서울 서대문구 통일로510
SH,서대문구,홍제센트럴아이파크아파트(홍제2구역),"재개발,행복(리츠2호)",182,2018-12-31,통일로 395 (홍제동 473),03730,37.5846147512232,126.944491273195,ok,road,서울 서대문구 통일로 395,Y,서울 서대문구 통일로 395
SH,서대문구,연희파크푸르지오,행복(재건축),35,2019-10-07,홍제천로 136 (연희동 747),03695,37.5751372720408,126.927510707223,ok,road,서울 서대문구 홍제천로 136,Y,서울 서대문구 홍제천로 136
SH,서대문구,DMC센트럴아이파크,행복(재건축),47,2019-10-07,증가로 150 (남가좌동 388),03670,37.5780547612815,126.92101916232,ok,road,서울 서대문구 증가로 150,Y,서울 서대문구 증가로 150
SH,서대문구,북한산 두산위브(홍은14구역),"재개발,행복(리츠2호)",75,2019-11-30,홍은중앙로3길 9 (홍은동 467),04094,37.5990017774988,126.944654295681,ok,road,서울 서대문구 홍은중앙로3길 9,Y,서울 서대문구 홍은중앙로3길 9
SH,서대문구,DMC에코자이,"재개발,행복(리츠2호)",178,2020-01-01,거북골로84 (남가좌동 389),03610,37.5782296308468,126.918481311495,ok,road,서울 서대문구 거북골로 84,Y,서울 서대문구 거북골로84
SH,서대문구,래미안루센티아,"재개발,행복(리츠2호)",170,2020-02-24,거북골로 100 (남가좌동 390),03689,37.5757256799627,126.918353630124,ok,road,서울 서대문구 거북골로 100,Y,서울 서대문구 거북골로 100
SH,서대문구,어바니엘 위드 더 스타일 충정로,역세권청년,49,2020-02-28,경기대로 26-26 (충정로3가 480),03737,37.5610226183,126.962192415514,ok,road,서울 서대문구 경기대로 26-26,Y,서울 서대문구 경기대로 26-26
SH,서대문구,힐스테이트 신촌(북아현1-1),"재개발,행복(재건축,리츠2호)",234,2020-08-05,이화여대8길 123 (북아현동 1-954),03763,37.5632226783936,126.950297699069,ok,road,서울 서대문구 이화여대8길 123,Y,서울 서대문구 이화여대8길 123
SH,서대문구,연희동 136-21 행복주택(빈집정비),행복(공사 건설형),4,2020-12-28,연희로12길 21-7 (연희동 136-21),03724,37.5670667860923,126.932364231734,ok,road,서울 서대문구 연희로12길 21-7,Y,서울 서대문구 연희로12길 21-7
SH,서대문구,북한산 두산위브2차(홍은6),행복(재건축),30,2021-07-26,홍은중앙로1길 100 (홍은동 13-25),03609,37.5998657465139,126.944290266635,ok,road,서울 서대문구 홍은중앙로1길 100,Y,서울 서대문구 홍은중앙로1길 100
SH,서대문구,홍제역 해링턴 플레이스(홍제3구역),"재개발,행복(리츠2호)",168,2022-01-01,세무서8길 30 (홍제동 270-1),03626,37.5906020621487,126.946917348053,ok,road,서울 서대문구 세무서8길 30,Y,서울 서대문구 세무서8길 30
SH,서대문구,아뜰리에모켄(창천동 112-23),행복(재건축),3,2022-07-04,신촌로51-1 (창천동 112-23),03786,37.5570673844528,126.932429519052,ok,road,서울 서대문구 신촌로 51-1,Y,서울 서대문구 신촌로51-1
SH,서대문구,서대문푸르지오센트럴파크(홍제1),행복(재건축),38,2023-01-09,통일로 339 (홍제동 57-5),03731,37.5816007242803,126.950300428316,ok,road,서울 서대문구 통일로 339,Y,서울 서대문구 통일로 339
SH,서대문구,스타타워(서대문구 남가좌동 269-1),역세권청년,15,2023-06-09,수색로 6길 8 (남가좌동 269-1),03712,37.5707797425516,126.913644281109,ok,road,서울 서대문구 수색로6길 8,Y,서울 서대문구 수색로 6길 8
SH,서대문구,힐스테이트홍은포레스트,행복(재건축),17,2023-06-26,가좌로4길 21,03655,37.5860692560739,126.925704669864,ok,road,서울 서대문구 가좌로4길 21,Y,서울 서대문구 가좌로4길 21
SH,서대문구,서대문센트럴아이파크(홍은13),"재개발,행복(리츠2호)",141,2025-07-01,홍은중앙로11길 31(홍은동),03603,37.6007334672715,126.947583034059,ok,road,서울 서대문구 홍은중앙로11길 31,Y,서울 서대문구 홍은중앙로11길 31
SH,서대문구,DMC가재울아이파크(가재울8),재개발,46,2025-12-01,수색로4나길 11 (남가좌동),03712,37.5710887052509,126.914154216412,ok,road,서울 서대문구 수색로4나길 11,Y,서울 서대문구 수색로4나길 11
SH,서초구,방배SH-ville(방배2),재개발,81,2005-08-16,"과천대로 908 (방배동 2626-3, 방배에스에이치빌아파트)",06760,37.4720476451992,126.983478787028,ok,road,서울 서초구 과천대로 908,Y,서울 서초구 과천대로 908
SH,서초구,래미안서초스위트,재건축,16,2009-06-05,"서운로 221 (서초동 1301-6, 래미안서초스위트아파트)",06608,37.5020971910471,127.019869045005,ok,road,서울 서초구 서운로 221,Y,서울 서초구 서운로 221
SH,서초구,반포자이,재건축,419,2009-06-05,"신반포로 270 (반포동 20-43, 반포자이아파트)",06544,37.5078602234885,127.011582043737,ok,road,서울 서초구 신반포로 270,Y,서울 서초구 신반포로 270
SH,서초구,서초두산위브트레지움,재건축,6,2009-06-05,"서운로 194 (서초동 1310-4, 두산위브트레지움아파트)",06613,37.5005383834778,127.023203781862,ok,road,서울 서초구 서운로 194,Y,서울 서초구 서운로 194
SH,서초구,래미안퍼스티지,재건축,266,2009-09-10,"반포대로 275 (반포동 18-1, 래미안퍼스티지아파트)",06547,37.5023902684594,126.995965286053,ok,road,서울 서초구 반포대로 275,Y,서울 서초구 반포대로 275
SH,서초구,서초교대이편한세상,재건축,24,2010-03-05,"서초중앙로24길 33 (서초동 1686-9, 서초교대이편한세상)",06603,37.4957534654582,127.017054758494,ok,road,서울 서초구 서초중앙로24길 33,Y,서울 서초구 서초중앙로24길 33
SH,서초구,반포리체,재건축,43,2011-04-20,"고무래로 35 (반포동 30-26, 반포리체아파트)",06597,37.504467489825,127.012454510399,ok,road,서울 서초구 고무래로 35,Y,서울 서초구 고무래로 35
SH,서초구,우면2지구 다세대(네이처힐가든),기타임대,115,2011-10-04,"형촌길 60 (우면동 701, 네이처힐 가든)",06765,37.4645305807291,127.020136264192,ok,road,서울 서초구 형촌길 60,Y,서울 서초구 형촌길 60
SH,서초구,우면2-4(서초네이처힐4단지),"국민,장기",232,2011-12-21,"태봉로2길 65 (우면동 720, 서초네이처힐4단지)",06764,37.4641257392669,127.0257879338,ok,road,서울 서초구 태봉로2길 65,Y,서울 서초구 태봉로2길 65
SH,서초구,우면2-5(서초네이처힐5단지),"국민,장기",509,2011-12-24,"태봉로2길 5 (우면동 730, 서초네이처힐5단지)",06764,37.4629803452747,127.024216596126,ok,road,서울 서초구 태봉로2길 5,Y,서울 서초구 태봉로2길 5
SH,서초구,우면2-7(서초네이처힐7단지),국민,179,2011-12-24,"태봉로2길 10 (우면동 735, 서초네이처힐7단지)",06764,37.4620460968245,127.023266257226,ok,road,서울 서초구 태봉로2길 10,Y,서울 서초구 태봉로2길 10
SH,서초구,우면2-2(서초네이처힐2),"국민,장기",96,2012-05-03,"형촌길 15 (우면동 712, 서초네이처힐2단지)",06765,37.4632989346877,127.021462617695,ok,road,서울 서초구 형촌길 15,Y,서울 서초구 형촌길 15
SH,서초구,우면2-1(서초네이처힐1),"외국인,장기",88,2012-12-01,"형촌길 35 (우면동 707, 서초네이처힐1단지)",06765,37.4641127596984,127.019185184101,ok,road,서울 서초구 형촌길 35,Y,서울 서초구 형촌길 35
SH,서초구,우면2-3(서초네이처힐3단지),"국민,장기",853,2013-01-30,"태봉로2길 60 (우면동 717, 서초네이처힐3단지)",06764,37.4656521008404,127.027181197541,ok,road,서울 서초구 태봉로2길 60,Y,서울 서초구 태봉로2길 60
SH,서초구,우면2-6(서초네이처힐6),"국민,장기",275,2013-02-20,"태봉로2길 30 (우면동 737, 서초네이처힐6단지)",06764,37.4611528806282,127.025650823399,ok,road,서울 서초구 태봉로2길 30,Y,서울 서초구 태봉로2길 30
SH,서초구,양재시프트(양재리본타워),장기전세,231,2013-09-27,"바우뫼로18길 20 (양재동 102, 양재리본타워1단지)",06755,37.4728897547784,127.032148354517,ok,road,서울 서초구 바우뫼로18길 20,Y,서울 서초구 바우뫼로18길 20
SH,서초구,내곡7(서초포레스타7단지),장기전세,241,2013-10-11,"청계산로11길 7-12 (신원동 615, 서초포레스타7단지)",06802,37.4485514741169,127.055973096756,ok,road,서울 서초구 청계산로11길 7-12,Y,서울 서초구 청계산로11길 7-12
SH,서초구,서초방배롯데캐슬,재건축,61,2014-04-14,"방배천로18길 11 (방배동 424-28, 방배롯데캐슬아르떼)",06676,37.4835761837235,126.983066727938,ok,road,서울 서초구 방배천로18길 11,Y,서울 서초구 방배천로18길 11
SH,서초구,내곡5(서초포레스타5단지),장기전세,152,2014-05-11,"청계산로7길 43 (신원동 579, 서초포레스타5단지)",06798,37.45114196704,127.057683489981,ok,road,서울 서초구 청계산로7길 43,Y,서울 서초구 청계산로7길 43
SH,서초구,내곡3(서초포레스타3단지),장기전세,162,2014-06-28,"헌릉로8길 22 (신원동 568, 서초포레스타3단지)",06798,37.4552690388771,127.05917968299,ok,road,서울 서초구 헌릉로8길 22,Y,서울 서초구 헌릉로8길 22
SH,서초구,양재동212장기전세(양재리본타워2단지),장기전세,390,2014-06-29,"매헌로16길 40 (양재동 212, 양재리본타워2단지)",06770,37.4649310444444,127.036170864158,ok,road,서울 서초구 매헌로16길 40,Y,서울 서초구 매헌로16길 40
SH,서초구,내곡1(서초더샵포레1단지),장기전세,215,2014-08-12,"헌릉로8길 58 (내곡동 411, 서초더샵포레)",06800,37.4532443872226,127.06247734346,ok,road,서울 서초구 헌릉로8길 58,Y,서울 서초구 헌릉로8길 58
SH,서초구,서초삼익롯데캐슬프레지던트,재건축,7,2014-12-29,"서초중앙로24길 57 (서초동 1681-8, 서초롯데캐슬프레지던트)",06613,37.4969727934088,127.019417834917,ok,road,서울 서초구 서초중앙로24길 57,Y,서울 서초구 서초중앙로24길 57
SH,서초구,서초포레스타6단지(내곡),"영구,국민,장기",423,2015-04-08,"청계산로9길 1-12 (신원동 619, 서초포레스타6단지)",06802,37.4496826596411,127.056241443278,ok,road,서울 서초구 청계산로9길 1-12,Y,서울 서초구 청계산로9길 1-12
SH,서초구,서초포레스타2단지(내곡),"국민,장기",858,2015-06-20,"헌릉로8길 45 (내곡동 384, 서초 포레스타 2단지)",06800,37.4546898457894,127.06254658465,ok,road,서울 서초구 헌릉로8길 45,Y,서울 서초구 헌릉로8길 45
SH,서초구,내곡보금자리주택지구 도시형생활주택(행복주택-서초선포레),행복(공사 건설형),87,2015-10-27,"청계산로9길 1-3 (신원동 605, 서초 선포레)",06802,37.4485371374725,127.055036215823,ok,road,서울 서초구 청계산로9길 1-3,Y,서울 서초구 청계산로9길 1-3
SH,서초구,래미안신반포팰리스,재건축,81,2016-08-26,"잠원로8길 35(잠원동 158, 래미안 신반포 팰리스)",06518,37.5150996956316,127.011661662443,ok,road,서울 서초구 잠원로8길 35,Y,서울 서초구 잠원로8길 35
SH,서초구,아크로리버파크반포,재건축,85,2016-09-01,"신반포로15길 19 (반포동 2-12, 아크로리버파크)",06503,37.5062519997568,126.992673104135,ok,road,서울 서초구 신반포로15길 19,Y,서울 서초구 신반포로15길 19
SH,서초구,래미안서초에스티지,재건축,65,2017-03-27,"서운로 107 (서초동 1332-13, 래미안서초에스티지)",06624,37.4930293673782,127.025519919597,ok,road,서울 서초구 서운로 107,Y,서울 서초구 서운로 107
SH,서초구,서초푸르지오써밋,재건축,63,2017-11-13,"서운로 201 (서초동 1311-10, 서초푸르지오써밋)",06608,37.5013246250352,127.020126576083,ok,road,서울 서초구 서운로 201,Y,서울 서초구 서운로 201
SH,서초구,반포래미안아이파크(서초한양),행복(재건축),116,2018-09-28,"서초중앙로 220 (반포동 1341, 반포래미안아이파크)",06599,37.5015109280322,127.012471661634,ok,road,서울 서초구 서초중앙로 220,Y,서울 서초구 서초중앙로 220
SH,서초구,래미안서초에스티지S(서초우성2차),행복(재건축),91,2018-09-28,"서운로 104 (서초동 1754, 래미안서초에스티지S)",06625,37.4934155954909,127.026491405544,ok,road,서울 서초구 서운로 104,Y,서울 서초구 서운로 104
SH,서초구,반포센트럴푸르지오써밋,행복(재건축),130,2018-10-29,"고무래로 89 (반포동 1342, 반포센트럴푸르지오써밋)",11650,37.5009525951681,127.01850090538,ok,road,서울 서초구 고무래로 89,Y,서울 서초구 고무래로 89
SH,서초구,신반포자이(반포한양),행복(재건축),71,2019-03-08,잠원로 60 (잠원동 160),03002,37.510175638207,127.008202372531,ok,road,서울 서초구 잠원로 60,Y,서울 서초구 잠원로 60
SH,서초구,방배아트자이(방배3),행복(재건축),41,2019-10-07,명달로9길 57 (방배동 3278),06706,37.4793436199376,127.00248886948,ok,road,서울 서초구 명달로9길 57,Y,서울 서초구 명달로9길 57
SH,서초구,"래미안신반포리오센트(신반포18차,24차)",행복(재건축),71,2019-10-07,잠원로 14길 32 (잠원동 161),06516,37.5179454350578,127.014055654587,ok,road,서울 서초구 잠원로14길 32,Y,서울 서초구 잠원로 14길 32
SH,서초구,반포센트럴자이(신반포6차),행복(재건축),53,2020-12-28,반포대로 310-6 (잠원동 162),06509,37.5064734003222,127.002352693423,ok,road,서울 서초구 반포대로 310-6,Y,서울 서초구 반포대로 310-6
SH,서초구,래미안리더스원(서초우성1차),행복(재건축),166,2020-12-28,서운로 62 (서초동 1755),06629,37.4894385509969,127.028420395094,ok,road,서울 서초구 서운로 62,Y,서울 서초구 서운로 62
SH,서초구,역세권 공공(서초동 1502-12외 1필지),역세권청년,68,2021-05-17,반포대로27길 13 (서초동 1502-12),06656,37.4896931057588,127.007604684245,ok,road,서울 서초구 반포대로27길 13,Y,서울 서초구 반포대로27길 13
SH,서초구,방배그랑자이(방배경남),행복(재건축),33,2021-07-26,방배로 21 (방배동 3283),06703,37.4755723803846,126.999846135135,ok,road,서울 서초구 방배로 21,Y,서울 서초구 방배로 21
SH,서초구,디에이치라클라스(삼호가든3차),행복(재건축),128,2021-07-01,서초중앙로 206 (반포동 1343),06599,37.4997791676203,127.012723336537,ok,road,서울 서초구 서초중앙로 206,Y,서울 서초구 서초중앙로 206
SH,서초구,서초그랑자이(서초무지개),행복(재건축),139,2021-08-02,효령로 391 (서초동 1335),06630,37.4893225494193,127.024591003338,ok,road,서울 서초구 효령로 391,Y,서울 서초구 효령로 391
SH,서초구,반포센트레빌아스테리움(반포현대),행복(재건축),16,2022-07-04,사평대로 310-4 (반포동 30-15),06598,37.5034570396737,127.015970121674,ok,road,서울 서초구 사평대로 310-4,Y,서울 서초구 사평대로 310-4
SH,서초구,코네스트(CONEST),역세권청년,123,2023-07-02,남부순환로 2567 (서초동 1365-8),06734,37.4846187815841,127.031299728023,ok,road,서울 서초구 남부순환로 2567,Y,서울 서초구 남부순환로 2567
SH,서초구,반포르엘2차,행복(재건축),35,2023-12-15,신반포로23길 33(잠원동 74),60509,37.5086676226463,127.002090816442,ok,road,서울 서초구 신반포로23길 33,Y,서울 서초구 신반포로23길 33
SH,서초구,래미안원베일리,행복(재건축),148,2023-09-04,서초구 반포대로 333,06506,37.5077735030051,126.995904034712,ok,road,서울 서초구 반포대로 333,Y,서울 서초구 반포대로 333
SH,서초구,반포르엘,행복(재건축),53,2023-06-26,서초구 신반포로23길 23,06509,37.5067799778705,127.003699156737,ok,road,서울 서초구 신반포로23길 23,Y,서울 서초구 신반포로23길 23
SH,서초구,래미안 원펜타스,장기전세(재건축),37,2024-07-29,신반포로15길1,06503,37.5042606636081,126.993824616507,ok,road,서울 서초구 신반포로15길 1,Y,서울 서초구 신반포로15길1
SH,서초구,신반포르엘(신반포13차),행복(재건축),31,2023-06-29,잠원로14길 42,06516,37.5171626156481,127.013520471373,ok,road,서울 서초구 잠원로14길 42,Y,서울 서초구 잠원로14길 42
SH,서초구,메이플자이,재건축(장기전세),195,2025-07-01,"1단지: 신반포로 251
2단지: 신반포로 253
(잠원동 60-3)",06522,37.5116545437445,127.012376190147,ok,jibun,서울 서초구 잠원동 60-3,Y,서울 서초구 잠원동 60-3
SH,성동구,청계벽산(하왕3),재개발,510,1996-03-20,"무학로 50 (하왕십리동 258, 벽산아파트)",04703,37.5691096001774,127.032672663162,ok,road,서울 성동구 무학로 50,Y,서울 성동구 무학로 50
SH,성동구,옥수극동그린(옥수5-2),재개발,171,1996-11-15,"독서당로 175 (옥수동 436, 극동그린아파트)",04732,37.5416160761673,127.009810204177,ok,road,서울 성동구 독서당로 175,Y,서울 성동구 독서당로 175
SH,성동구,옥수하이츠(옥수8),재개발,238,1997-11-11,"한림말길 50 (옥수동 100, 옥수하이츠아파트)",04736,37.5399397859799,127.016822903142,ok,road,서울 성동구 한림말길 50,Y,서울 성동구 한림말길 50
SH,성동구,옥수삼성(옥수9),재개발,330,1999-05-25,"독서당로 218 (옥수동 250, 옥수삼성아파트)",04734,37.5426294442931,127.015554372439,ok,road,서울 성동구 독서당로 218,Y,서울 성동구 독서당로 218
SH,성동구,행당대림(하왕2-1),재개발,1005,1999-06-01,"행당로 79 (행당동 347, 행당동 대림아파트)",04713,37.5582053468995,127.027507006183,ok,road,서울 성동구 행당로 79,Y,서울 성동구 행당로 79
SH,성동구,행당한진(금호1-6),재개발,728,1999-08-02,"행당로 82 (행당동 346, 행당 한진타운)",04717,37.5548088817349,127.027399715208,ok,road,서울 성동구 행당로 82,Y,서울 성동구 행당로 82
SH,성동구,금호대우(금호8),재개발,508,2000-11-11,"독서당로 272 (금호동4가 800, 금호동 대우아파트)",04738,37.5453300340479,127.017925368592,ok,road,서울 성동구 독서당로 272,Y,서울 성동구 독서당로 272
SH,성동구,금호벽산(금호6),재개발,1214,2000-11-22,"금호로 100 (금호동1가 633, 벽산아파트)",04718,37.5545314695033,127.026186636459,ok,road,서울 성동구 금호로 100,Y,서울 성동구 금호로 100
SH,성동구,하왕금호베스트빌(하왕1-3),재개발,274,2001-04-10,"난계로 114-31 (하왕십리동 1052, 금호 베스트빌)",04711,37.5612312466825,127.025952317395,ok,road,서울 성동구 난계로 114-31,Y,서울 성동구 난계로 114-31
SH,성동구,하왕극동미라주(하왕5),재개발,191,2002-04-01,"난계로 73 (하왕십리동 1058, 극동미라주 아파트)",04721,37.5594875603578,127.023298446358,ok,road,서울 성동구 난계로 73,Y,서울 성동구 난계로 73
SH,성동구,행당한신(행당2),재개발,159,2002-11-05,"고산자로 164 (행당동 349, 행당한신아파트)",04746,37.5550687570722,127.035424100115,ok,road,서울 성동구 고산자로 164,Y,서울 성동구 고산자로 164
SH,성동구,마장SH-VILLE,국민,400,2006-11-21,"마조로15가길 23 (마장동 831, 마장 에스에이치빌)",04759,37.5646371921494,127.040388382695,ok,road,서울 성동구 마조로15가길 23,Y,서울 성동구 마조로15가길 23
SH,성동구,와이엠프라젠,재건축,5,2008-04-01,"자동차시장1길 14 (용답동 226-4, 와이엠프라젠아파트)",04808,37.561317448549,127.058693136632,ok,road,서울 성동구 자동차시장1길 14,Y,서울 성동구 자동차시장1길 14
SH,성동구,서울숲아이파크,재건축,34,2009-03-31,"동일로 237 (송정동 104, 서울숲아이파크)",04800,37.5525009261755,127.068702120931,ok,road,서울 성동구 동일로 237,Y,서울 성동구 동일로 237
SH,성동구,왕십리주상복합,장기전세,69,2009-12-01,"청계천로 474 (하왕십리동 286-2, 왕십리 모노퍼스 주상복합)",04702,37.569533166927,127.029562937984,ok,road,서울 성동구 청계천로 474,Y,서울 성동구 청계천로 474
SH,성동구,행당두산위브,재개발,114,2010-01-04,"행당로8길 8 (행당동 375, 행당두산위브아파트)",04716,37.5572723225298,127.030951065096,ok,road,서울 성동구 행당로8길 8,Y,서울 성동구 행당로8길 8
SH,성동구,서울숲행당푸르지오(행당5),재개발,94,2011-06-01,"고산자로 177 (행당동 376, 서울숲행당푸르지오아파트)",04716,37.5557304486542,127.033577643563,ok,road,서울 성동구 고산자로 177,Y,서울 성동구 고산자로 177
SH,성동구,래미안하이리버(금호17),재개발,96,2012-05-29,"금호로 111 (금호동2가 1216, 하이리버)",04728,37.5513725315125,127.022906964406,ok,road,서울 성동구 금호로 111,Y,서울 성동구 금호로 111
SH,성동구,래미안하이리버(금호19),재개발,210,2012-05-29,"금호로 111 (금호동2가 1216, 하이리버)",04728,37.5513725315125,127.022906964406,ok,road,서울 성동구 금호로 111,Y,서울 성동구 금호로 111
SH,성동구,금호자이2차(금호18),재개발,83,2012-08-27,"금호산8길 14 (금호동3가 700, 금호자이2차)",04729,37.5506990854402,127.022172196646,ok,road,서울 성동구 금호산8길 14,Y,서울 성동구 금호산8길 14
SH,성동구,서울숲2차푸르지오(금호14),재개발,121,2012-09-03,"금호로3길 11 (금호동4가 235-1, 서울숲2차푸르지오)",04737,37.5474513708768,127.023891738558,ok,road,서울 성동구 금호로3길 11,Y,서울 성동구 금호로3길 11
SH,성동구,래미안옥수리버젠(옥수12),재개발,310,2013-04-15,"매봉길 17 (옥수동 562, 래미안 옥수 리버젠)",04733,37.5464825265845,127.014460917697,ok,road,서울 성동구 매봉길 17,Y,서울 성동구 매봉길 17
SH,성동구,왕십리텐즈힐2구역(왕십리뉴타운2),재개발,211,2014-05-12,"마장로 137 (상왕십리동 811, 텐즈힐)",04700,37.5678250213489,127.025053595952,ok,road,서울 성동구 마장로 137,Y,서울 성동구 마장로 137
SH,성동구,왕십리텐즈힐1구역,재개발,333,2015-07-29,"무학로 33 (하왕십리동 1066, 텐즈힐)",04702,37.5691641596929,127.02634785313,ok,road,서울 성동구 무학로 33,Y,서울 성동구 무학로 33
SH,성동구,신금호파크자이(금호13),재개발,198,2016-06-13,"금호로 173 (금호동2가 1, 신금호파크자이)",04722,37.5562788411556,127.018152303,ok,road,서울 성동구 금호로 173,Y,서울 성동구 금호로 173
SH,성동구,e편한세상옥수파크힐스(옥수13),재개발,340,2016-11-14,"매봉길 50 (옥수동 528, 옥수 파크힐스)",04731,37.5472989077685,127.01218936757,ok,road,서울 성동구 매봉길 50,Y,서울 성동구 매봉길 50
SH,성동구,왕십리센트라스(왕십리3),재개발,432,2016-12-03,"왕십리로 410 (하왕십리동 1070, 센트라스)",04701,37.5666029325047,127.024082467223,ok,road,서울 성동구 왕십리로 410,Y,서울 성동구 왕십리로 410
SH,성동구,왕십리자이(하왕1-5),"재개발,행복(리츠2호)",126,2017-08-07,"난계로 100 (하왕십리동 1071, 왕십리자이)",04711,37.5615293048656,127.024651500492,ok,road,서울 성동구 난계로 100,Y,서울 성동구 난계로 100
SH,성동구,힐스테이트서울숲리버,"재개발,행복(리츠2호)",104,2018-02-23,금호로40 (금호동4가 1553),04743,37.5467055409212,127.025532888335,ok,road,서울 성동구 금호로 40,Y,서울 성동구 금호로40
SH,성동구,금호파크힐스이편한세상아파트(금호제15),"재개발,행복(리츠2호)",137,2018-03-12,"금호로 110 (금호동1가 1824, e편한세상금호파크힐스)",04721,37.552995077832,127.024556342782,ok,road,서울 성동구 금호로 110,Y,서울 성동구 금호로 110
SH,성동구,서울숲리버뷰자이(행당제6구역),"재개발,행복(리츠2호)",176,2018-07-01,고산자로2길 65 (행당동 380),04745,37.556198526017,127.038836506223,ok,road,서울 성동구 고산자로2길 65,Y,서울 성동구 고산자로2길 65
SH,성동구,역세권 공공(용답동 233-1),역세권청년,22,2020-04-06,천호대로 416 (용답동 233-1),04808,37.5609927038052,127.065100778662,ok,road,서울 성동구 천호대로 416,Y,서울 성동구 천호대로 416
SH,성동구,한영 스테이,역세권청년,50,2025-06-09,마장로42길 6(마장동),04758,37.5662921062365,127.044497045605,ok,road,서울 성동구 마장로42길 6,Y,서울 성동구 마장로42길 6
SH,성동구,라체르보푸르지오써밋대우(행당7),재개발,163,2025-07-31,고산자로2길 71(행당동 128-7),04745,37.557651506893,127.037622987644,ok,road,서울 성동구 고산자로2길 71,Y,서울 성동구 고산자로2길 71
SH,성동구,청계SK뷰,재건축(장기전세),106,2025-08-01,천호대로 244(용답동 121),04803,37.5690476113185,127.04819491917,ok,road,서울 성동구 천호대로 244,Y,서울 성동구 천호대로 244
SH,성동구,라봄 성동,역세권청년,74,2025-10-13,마조로 66 (마장동),04758,37.5635058126131,127.042187648374,ok,road,서울 성동구 마조로 66,Y,서울 성동구 마조로 66
SH,성북구,동소문한진,재개발,580,1996-12-17,"성북로4길 52 (돈암동 609-1, 한신한진아파트)",02831,37.5944725333435,127.012706037821,ok,road,서울 성북구 성북로4길 52,Y,서울 성북구 성북로4길 52
SH,성북구,종암SK,재개발,465,1998-12-03,"종암로24가길 53 (종암동 104-1, SK아파트)",02798,37.6008413496899,127.037976638554,ok,road,서울 성북구 종암로24가길 53,Y,서울 성북구 종암로24가길 53
SH,성북구,돈암풍림(돈암3-3),재개발,309,1999-02-14,"북악산로 898 (돈암동 632-1, 풍림아파트)",02840,37.5968912598126,127.022321212888,ok,road,서울 성북구 북악산로 898,Y,서울 성북구 북악산로 898
SH,성북구,돈암삼성(돈암3-2),재개발,736,1999-06-16,"동소문로34길 24 (돈암동 15-1, 삼성아파트)",02807,37.5989927554427,127.023132747169,ok,road,서울 성북구 동소문로34길 24,Y,서울 성북구 동소문로34길 24
SH,성북구,길음동부(길음3),재개발,300,2002-03-01,"숭인로2길 61 (길음동 1278, 길음동동부센트레빌아파트)",02726,37.6093541279794,127.024971819263,ok,road,서울 성북구 숭인로2길 61,Y,서울 성북구 숭인로2길 61
SH,성북구,상월곡동아(상월곡),재개발,278,2002-09-25,"장월로1길 28 (상월곡동 101, 동아에코빌아파트)",02753,37.6087723133633,127.045612298275,ok,road,서울 성북구 장월로1길 28,Y,서울 성북구 장월로1길 28
SH,성북구,월곡두산,재개발,458,2003-05-20,"오패산로 46 (하월곡동 222, 월곡두산위브아파트)",02750,37.6074621211761,127.038729506968,ok,road,서울 성북구 오패산로 46,Y,서울 성북구 오패산로 46
SH,성북구,정릉풍림(정릉4),재개발,332,2003-08-20,"솔샘로25길 11-14 (정릉동 239-5, 정릉풍림아이원아파트)",02702,37.6163077681148,127.007223169813,ok,road,서울 성북구 솔샘로25길 11-14,Y,서울 성북구 솔샘로25길 11-14
SH,성북구,길음뉴타운4단지,재개발,276,2005-05-16,"길음로 118 (길음동 1281, 길음뉴타운)",02723,37.6113247609887,127.020849661284,ok,road,서울 성북구 길음로 118,Y,서울 성북구 길음로 118
SH,성북구,길음뉴타운3단지,재개발,282,2005-05-20,"길음로13길 39 (길음동 1280-1, 길음뉴타운)",02715,37.6100441909211,127.01622347427,ok,road,서울 성북구 길음로13길 39,Y,서울 성북구 길음로13길 39
SH,성북구,장월SH-VILLE,국민,254,2006-05-18,"한천로101길 54 (장위동 316-2, 장월 에스에이치빌 1단지)",02758,37.6227359015647,127.047711550334,ok,road,서울 성북구 한천로101길 54,Y,서울 성북구 한천로101길 54
SH,성북구,종암SH-Ville,재개발,104,2007-04-25,"종암로9길 71 (종암동 131, 종암2차 아이파크)",02810,37.596303698625,127.032512432299,ok,road,서울 성북구 종암로9길 71,Y,서울 성북구 종암로9길 71
SH,성북구,길음SH-Ville(길음5),재개발,90,2007-12-18,"길음로 74 (길음동 1282, 길음뉴타운)",02724,37.6092895738067,127.02103392513,ok,road,서울 성북구 길음로 74,Y,서울 성북구 길음로 74
SH,성북구,월곡3sh-ville(월곡3),재개발,288,2008-06-24,"오패산로 90 (하월곡동 225, 월곡3에스에이치빌)",02741,37.6099468212076,127.036913378216,ok,road,서울 성북구 오패산로 90,Y,서울 성북구 오패산로 90
SH,성북구,월곡2sh-ville(월곡2),재개발,209,2008-10-16,"회기로5길 142 (하월곡동 226-1, 월곡2에스에이치빌)",02794,37.5974692335281,127.041903907703,ok,road,서울 성북구 회기로5길 142,Y,서울 성북구 회기로5길 142
SH,성북구,삼선sh-ville(삼선1),재개발,285,2008-11-19,"보문로29다길 25-9 (삼선동3가 115, 삼선1에스에이치빌)",02873,37.58492972344,127.013853691358,ok,road,서울 성북구 보문로29다길 25-9,Y,서울 성북구 보문로29다길 25-9
SH,성북구,정릉라온유(길음10),재건축,23,2009-03-20,"정릉로 307 (정릉동 1034, 라온유 아파트)",02719,37.6032285064084,127.017866208389,ok,road,서울 성북구 정릉로 307,Y,서울 성북구 정릉로 307
SH,성북구,래미안석관,재개발,80,2009-07-30,"화랑로 214 (석관동 407, 래미안석관)",02790,37.6091583377123,127.054832710998,ok,road,서울 성북구 화랑로 214,Y,서울 성북구 화랑로 214
SH,성북구,래미안종암2차(종암4),재개발,206,2009-11-30,"종암로23길 35 (종암동 133, 래미안세레니티)",02804,37.5981471356607,127.029745358029,ok,road,서울 성북구 종암로23길 35,Y,서울 성북구 종암로23길 35
SH,성북구,길음뉴타운8단지(길음8),재개발,120,2010-07-05,"길음로 33 (길음동 1284, 길음뉴타운)",02720,37.6050832927232,127.022078590713,ok,road,서울 성북구 길음로 33,Y,서울 성북구 길음로 33
SH,성북구,길음뉴타운7단지(길음7),재개발,99,2010-08-01,"길음로13길 22 (길음동 1285, 길음7구역 두산위브아파트)",02715,37.6094680215088,127.019141594884,ok,road,서울 성북구 길음로13길 22,Y,서울 성북구 길음로13길 22
SH,성북구,래미안종암3차(종암5),재개발,188,2010-09-01,"종암로24가길 80 (종암동 134, 래미안라센트)",02799,37.5993210538697,127.039243698327,ok,road,서울 성북구 종암로24가길 80,Y,서울 성북구 종암로24가길 80
SH,성북구,길음뉴타운9단지(정릉길음9),재개발,242,2010-10-01,"길음로9길 50 (길음동 1286, 길음뉴타운)",02721,37.6026910997043,127.020946793788,ok,road,서울 성북구 길음로9길 50,Y,서울 성북구 길음로9길 50
SH,성북구,종암2차SK뷰(종암6),재개발,68,2010-11-01,"종암로24길 35 (종암동 135, 종암2차SK뷰아파트)",02798,37.6014316163378,127.034666166999,ok,road,서울 성북구 종암로24길 35,Y,서울 성북구 종암로24길 35
SH,성북구,희망하우징(정릉 380-3),기타임대,54,2012-02-23,"정릉로 199 (정릉동 1036, 정릉희망하우징)",02710,37.6069501157427,127.006891004638,ok,road,서울 성북구 정릉로 199,Y,서울 성북구 정릉로 199
SH,성북구,동일하이빌뉴시티(신월곡),"재건축,장기",38,2012-10-12,"종암로 167 (하월곡동 230, 동일하이빌뉴시티)",02734,37.6050371568783,127.030928150119,ok,road,서울 성북구 종암로 167,Y,서울 성북구 종암로 167
SH,성북구,e편한세상(보문4),재개발,79,2014-01-08,"보문사길 40 (보문동3가 229, 이편한세상보문)",02874,37.5836665040143,127.017453841298,ok,road,서울 성북구 보문사길 40,Y,서울 성북구 보문사길 40
SH,성북구,금호어울림센터힐(돈암5),재개발,84,2014-11-17,"동소문로34길 73 (돈암동 643, 길음역 금호어울림 센터힐)",02807,37.5998198596724,127.022223115551,ok,road,서울 성북구 동소문로34길 73,Y,서울 성북구 동소문로34길 73
SH,성북구,정릉한화꿈에그린(정릉10),재개발,60,2015-06-01,"아리랑로19가길 20 (정릉동 1037, 정릉 꿈에그린아파트)",02820,37.6018582085389,127.011110105709,ok,road,서울 성북구 아리랑로19가길 20,Y,서울 성북구 아리랑로19가길 20
SH,성북구,돈암정릉,재개발,107,2017-01-03,"아리랑로 75 (돈암동 644, 돈암코오롱하늘채)",02826,37.598830255568,127.013625487132,ok,road,서울 성북구 아리랑로 75,Y,서울 성북구 아리랑로 75
SH,성북구,보문3구역(보문파크뷰자이),"재개발,행복(리츠2호)",208,2017-02-21,"보문사길 111 (보문동6가 458, 보문파크뷰자이)",02874,37.5828731138796,127.017891118296,ok,road,서울 성북구 보문사길 111,Y,서울 성북구 보문사길 111
SH,성북구,연극인맞춤형주택(삼선동2가77),기타임대,11,2017-06-16,삼선교로12길 8 (삼선동2가 77),02864,37.5877280079213,127.009493796015,ok,road,서울 성북구 삼선교로12길 8,Y,서울 성북구 삼선교로12길 8
SH,성북구,꿈의숲코오롱하늘채,"재개발,행복(리츠2호)",92,2017-10-31,"돌곶이로 220 (장위동 319, 꿈의숲코오롱하늘채아파트)",02757,37.6190182162561,127.046432738992,ok,road,서울 성북구 돌곶이로 220,Y,서울 성북구 돌곶이로 220
SH,성북구,연극인맞춤형주택(성북동 186-12),기타임대,12,2018-12-31,성북로9길 28 (성북동 186-12),02880,37.5912608829484,127.002562226629,ok,road,서울 성북구 성북로9길 28,Y,서울 성북구 성북로9길 28
SH,성북구,래미안 길음 센터피스(길음2구역),"재개발,재건축,행복(리츠2호)",633,2019-02-28,숭인로 50 (길음동 1288),02727,37.6120057743675,127.028773678213,ok,road,서울 성북구 숭인로 50,Y,서울 성북구 숭인로 50
SH,성북구,래미안아트리치(석관2구역),"재개발,행복(리츠2호)",187,2019-02-28,돌곶이로 8길 22 (석관동 410),02786,37.6065244839458,127.062261154976,ok,road,서울 성북구 돌곶이로8길 22,Y,서울 성북구 돌곶이로 8길 22
SH,성북구,래미안장위포레카운티(장위1구역),"재개발,행복(리츠2호)",162,2019-06-20,장월로 160 (장위동 322),02763,37.6179208113319,127.052254370153,ok,road,서울 성북구 장월로 160,Y,서울 성북구 장월로 160
SH,성북구,장위퍼스트하이,"재개발,행복(리츠2호)",276,2019-09-30,한천로 713 (장위동 320),02760,37.6212990641092,127.051847478882,ok,road,서울 성북구 한천로 713,Y,서울 성북구 한천로 713
SH,성북구,롯데캐슬골든힐스(길음3),행복(재건축),40,2019-10-07,서경로 60 (길음동 1287-1),02715,37.6099259937222,127.015458405282,ok,road,서울 성북구 서경로 60,Y,서울 성북구 서경로 60
SH,성북구,정릉하늘마루,행복(공사 건설형),166,2020-04-01,정릉로10가길 6-31 (정릉동 1054),02812,37.6068882387231,127.000041110205,ok,road,서울 성북구 정릉로10가길 6-31,Y,서울 성북구 정릉로10가길 6-31
SH,성북구,꿈의 숲 아이파크(장위7구역),"재개발,행복(리츠2호)",295,2020-12-31,돌곶이로40길 46 (장위동 189-3),02762,37.6198223851288,127.049660439134,ok,road,서울 성북구 돌곶이로40길 46,Y,서울 성북구 돌곶이로40길 46
SH,성북구,동소문동7가 2-26 행복주택(빈집정비),행복(공사 건설형),8,2021-01-29,동소문로13나길 96 (동소문동7가 2-26),02830,37.5956289219613,127.015273932823,ok,road,서울 성북구 동소문로13나길 96,Y,서울 성북구 동소문로13나길 96
SH,성북구,보문동 7가 139-1 행복주택(다세대),행복(재건축),2,2021-09-01,보문로29 (보문동7가 139-1),02873,37.5781684509068,127.022792793247,ok,road,서울 성북구 보문로 29,Y,서울 성북구 보문로29
SH,성북구,롯데캐슬클라시아(길음1),재개발,351,2022-02-03,숭인로8길 80 (길음동 1289),02730,37.6094762808222,127.027110004518,ok,road,서울 성북구 숭인로8길 80,Y,서울 성북구 숭인로8길 80
SH,성북구,보문리슈빌하우트(보문2),"재개발,행복(리츠2호)",70,2022-04-15,보문로26길 17 (보문동1가 60-28),02851,37.5872217916518,127.019925276625,ok,road,서울 성북구 보문로26길 17,Y,서울 성북구 보문로26길 17
SH,성북구,장위 지웰에스테이트(장위1-2),재개발,30,2022-09-26,한천로 660-16 (장위동 322-22),02763,37.6178285453638,127.056186624861,ok,road,서울 성북구 한천로 660-16,Y,서울 성북구 한천로 660-16
SH,성북구,초행지붕-정릉,행복(공사 건설형),8,2024-01-08,서경로18길11(정릉동227-39),02713,37.6106230034585,127.014718868641,ok,road,서울 성북구 서경로18길 11,Y,서울 성북구 서경로18길11
SH,성북구,롯데캐슬 트윈골드(길음역세권),"재개발,재건축(장기전세)",83,2024-04-30,길음동 542-1번지(서울특별시 성북구 길음로 11),02722,37.6038276371314,127.023204230645,ok,road,서울 성북구 길음동 542-1,Y,서울 성북구 길음동 542-1번지
SH,성북구,장위자이레디언트(장위4구역),"재개발,행복(리츠2호)",484,2025-03-31,돌곶이로30길 63,02775,37.6150759208196,127.056596153771,ok,road,서울 성북구 돌곶이로30길 63,Y,서울 성북구 돌곶이로30길 63
SH,성북구,종암 라온 프라이빗,역세권청년,117,2025-06-09,종암로21길 47 51(종암동),02803,37.6005159895367,127.032918197982,ok,keyword_gu,서울 성북구 종암동 83-3,Y,서울 성북구 종암 라온 프라이빗
SH,성북구,성북 펠릭스,역세권청년,59,2025-06-09,하월곡동 동소문로 314-34(하월곡동),02733,37.6078451411638,127.030038693552,ok,road,서울 성북구 동소문로 314-34,Y,서울 성북구 하월곡동 동소문로 314-34
SH,송파구,마천대성,주거환경,25,1995-06-29,"성내천로34길 8 (마천동 574, 대성아파트)",05750,37.4985470022844,127.15323658652,ok,road,서울 송파구 성내천로34길 8,Y,서울 송파구 성내천로34길 8
SH,송파구,거여6,공공임대,660,1997-04-15,"양산로2길 38 (거여동 295, 거여6단지아파트)",05789,37.4884840675042,127.146089316776,ok,road,서울 송파구 양산로2길 38,Y,서울 송파구 양산로2길 38
SH,송파구,오금현대백조(오금2),재개발,153,1997-04-22,"양재대로72길 15 (오금동 11, 현대백조아파트)",05656,37.5093643015493,127.129096588722,ok,road,서울 송파구 양재대로72길 15,Y,서울 송파구 양재대로72길 15
SH,송파구,거여3,공공임대,598,2000-11-04,"양산로2길 44 (거여동 292, 거여3단지아파트)",05778,37.4904631255137,127.147542455133,ok,road,서울 송파구 양산로2길 44,Y,서울 송파구 양산로2길 44
SH,송파구,장지11(송파파인타운11단지),"국민,장기",124,2007-08-11,"송파대로8길 58 (장지동 854, 송파파인타운11단지)",05813,37.4802321585331,127.133790214493,ok,road,서울 송파구 송파대로8길 58,Y,서울 송파구 송파대로8길 58
SH,송파구,장지10(송파파인타운10단지),"국민,장기",356,2007-08-28,"송파대로8길 20 (장지동 856, 송파파인타운10단지)",05813,37.4781340156972,127.131186737728,ok,road,서울 송파구 송파대로8길 20,Y,서울 송파구 송파대로8길 20
SH,송파구,장지7(송파파인타운7단지),국민,300,2008-01-03,"충민로4길 19 (장지동 844, 송파파인타운7단지)",05812,37.4792099224867,127.129952666259,ok,road,서울 송파구 충민로4길 19,Y,서울 송파구 충민로4길 19
SH,송파구,장지9(송파파인타운9단지),"국민,장기",636,2008-02-09,"송파대로8길 17 (장지동 843, 송파파인타운9단지)",05815,37.4780152934722,127.12936100839,ok,road,서울 송파구 송파대로8길 17,Y,서울 송파구 송파대로8길 17
SH,송파구,장지4(송파파인타운4단지),"국민,장기",75,2008-04-11,"새말로12길 16 (장지동 837, 송파파인타운4단지)",05811,37.4820278121959,127.130129401329,ok,road,서울 송파구 새말로12길 16,Y,서울 송파구 새말로12길 16
SH,송파구,장지5(송파파인타운5단지),국민,225,2008-09-03,"충민로4길 5 (장지동 845, 송파파인타운5단지)",05812,37.4796206706018,127.129726468504,ok,road,서울 송파구 충민로4길 5,Y,서울 송파구 충민로4길 5
SH,송파구,장지6(송파파인타운6단지),"국민,장기",253,2008-09-04,"충민로6길 14 (장지동 847, 송파파인타운6단지)",05812,37.4806977349833,127.131439613448,ok,road,서울 송파구 충민로6길 14,Y,서울 송파구 충민로6길 14
SH,송파구,장지2(송파파인타운2단지),국민,263,2008-10-01,"충민로 151 (장지동 835, 송파파인타운2단지)",05799,37.4835256925613,127.131310811784,ok,road,서울 송파구 충민로 151,Y,서울 송파구 충민로 151
SH,송파구,장지8(송파파인타운8단지),"국민,장기",542,2008-10-30,"충민로4길 6 (장지동 842, 송파파인타운8단지)",05815,37.4796538239777,127.128078127392,ok,road,서울 송파구 충민로4길 6,Y,서울 송파구 충민로4길 6
SH,송파구,장지1(송파파인타운1단지),장기전세,46,2009-12-12,"충민로 188 (장지동 833, 송파파인타운1단지)",05792,37.4862370483795,127.134476621457,ok,road,서울 송파구 충민로 188,Y,서울 송파구 충민로 188
SH,송파구,마천1(송파파크데일1단지),"국민,장기",527,2011-02-20,"성내천로37길 37 (마천동 582, 송파파크데일1단지)",05748,37.498745225616,127.158089807524,ok,road,서울 송파구 성내천로37길 37,Y,서울 송파구 성내천로37길 37
SH,송파구,마천2(송파파크데일2단지),"국민,장기",635,2011-02-20,"성내천로47길 38 (마천동 607, 송파파크데일2단지)",05748,37.4963390580701,127.158181082784,ok,road,서울 송파구 성내천로47길 38,Y,서울 송파구 성내천로47길 38
SH,송파구,송파래미안파인탑,재건축,25,2012-01-30,"오금로32길 31 (송파동 243, 래미안송파파인탑)",05673,37.5029836751039,127.119488892903,ok,road,서울 송파구 오금로32길 31,Y,서울 송파구 오금로32길 31
SH,송파구,문정공공원룸텔,기타임대,31,2012-12-20,"새말로 114-1 (문정동 83-23, 서울공공주택문정동희망원룸)",05810,37.4826086864393,127.126820253625,ok,road,서울 송파구 새말로 114-1,Y,서울 송파구 새말로 114-1
SH,송파구,송파파크데일3단지(행복주택),행복(공사 건설형),148,2017-03-29,"성내천로47길 22 (마천동 605, 송파파크데일3단지)",05748,37.4948133105628,127.157899796932,ok,road,서울 송파구 성내천로47길 22,Y,서울 송파구 성내천로47길 22
SH,송파구,위례지구10블럭(위례포레샤인),"국민,장기",2200,2017-10-07,"위례순환로 477 (장지동 905, 위례포레샤인23단지)",05720,37.4751100001573,127.136558093148,ok,road,서울 송파구 위례순환로 477,Y,서울 송파구 위례순환로 477
SH,송파구,송파레미니스(1단지),"국민,장기",409,2017-11-06,"성내천로 6 (오금동 616, 송파레미니스)",05270,37.5083372409238,127.134828192603,ok,road,서울 송파구 성내천로 6,Y,서울 송파구 성내천로 6
SH,송파구,송파레미니스 2단지(오금지구 2단지),국민,580,2018-06-07,"동남로 341 (오금동 617, 송파레미니스 2단지)",05721,37.5063952796617,127.138049497016,ok,road,서울 송파구 동남로 341,Y,서울 송파구 동남로 341
SH,송파구,거여리본타운,행복(공사 건설형),128,2018-09-28,"오금로53길 14 (거여동 12-1, 거여리본타운)",05744,37.495678010236,127.142295032302,ok,road,서울 송파구 오금로53길 14,Y,서울 송파구 오금로53길 14
SH,송파구,송파헬리오시티(가락시영),행복(재건축),1401,2019-03-01,송파대로 345 (가락동 913),05698,37.4976145695004,127.102531804188,ok,road,서울 송파구 송파대로 345,Y,서울 송파구 송파대로 345
SH,송파구,잠실올림픽공원아이파크,행복(재건축),95,2020-04-01,올림픽로 43길 34 (풍납동 514),05506,37.5249190964012,127.114443667858,ok,road,서울 송파구 올림픽로43길 34,Y,서울 송파구 올림픽로 43길 34
SH,송파구,거여2-2구역(e편한세상 송파 파크센트럴),"재개발,행복(재건축,리츠2호)",227,2020-06-30,오금로 551 (거여동 696),05764,37.4931824051771,127.150367774224,ok,road,서울 송파구 오금로 551,Y,서울 송파구 오금로 551
SH,송파구,위례포레샤인18단지(위례13블럭),장기전세,685,2020-10-29,위례북로4길 12 (거여동 648),05776,37.4881992706172,127.151024456244,ok,road,서울 송파구 위례북로4길 12,Y,서울 송파구 위례북로4길 12
SH,송파구,풍납동269-28 행복주택(서울리츠2호),행복(리츠2호),8,2020-10-31,토성로6길 4 (풍납동 269-28),05535,37.5303805627306,127.112709273866,ok,road,서울 송파구 토성로6길 4,Y,서울 송파구 토성로6길 4
SH,송파구,위례포레샤인13단지(위례3블럭),국민,560,2020-12-25,위례서이로 25 (거여동 599),05791,37.4829031511882,127.137673742503,ok,road,서울 송파구 위례서이로 25,Y,서울 송파구 위례서이로 25
SH,송파구,송파시그니처롯데캐슬(거여2-1),"재개발,행복(재건축,리츠2호)",368,2022-01-24,거마로 56 (거여동 202-180),05767,37.4970454816341,127.147282077623,ok,road,서울 송파구 거마로 56,Y,서울 송파구 거마로 56
SH,송파구,송파파크데일5단지(임대),행복(공사 건설형),5,2019-12-27,성내천로 47길 35 (마천동 600),05748,37.4961102929965,127.157506508677,ok,road,서울 송파구 성내천로47길 35,Y,서울 송파구 성내천로 47길 35
SH,송파구,송파파크데일4단지(임대),행복(공사 건설형),4,2019-12-27,성내천로 47길 27 (마천동 602),05748,37.4953392639119,127.157737839315,ok,road,서울 송파구 성내천로47길 27,Y,서울 송파구 성내천로 47길 27
SH,송파구,잠실엘타워(잠실동208-4외2필지),역세권청년,88,2023-03-01,석촌호수로 74 (잠실동 208-4),05559,37.5097918378467,127.085427739362,ok,road,서울 송파구 석촌호수로 74,Y,서울 송파구 석촌호수로 74
SH,송파구,잠실센트럴파크(송파구 잠실동 187-10),역세권청년,71,2023-08-18,백제고분로 7길 42(잠실동 187-10),05559,37.5105455244799,127.083543016569,ok,road,서울 송파구 백제고분로7길 42,Y,서울 송파구 백제고분로 7길 42
SH,송파구,문정역 마에스트로,역세권청년,153,2024-03-18,서울 송파구 문정동 55-6,05806,37.4863672347889,127.123077465042,ok,road,서울 송파구 문정동 55-6,Y,서울 송파구 문정동 55-6
SH,송파구,힐스테이트 e편한세상 문정,장기전세(재건축),70,2025-02-03,송이로31길 20,05798,37.4899816541961,127.134301058163,ok,road,서울 송파구 송이로31길 20,Y,서울 송파구 송이로31길 20
SH,양천구,신정삼성(신정6-2),재개발,506,1995-06-01,"신목로 5 (신정동 1278-1, 목동삼성아파트)",08016,37.5172255608213,126.876467484144,ok,road,서울 양천구 신목로 5,Y,서울 양천구 신목로 5
SH,양천구,신정양천,공공임대,2998,1995-11-16,"목동로3길 57 (신정동 276, 양천아파트)",08100,37.5094542561098,126.862162255157,ok,road,서울 양천구 목동로3길 57,Y,서울 양천구 목동로3길 57
SH,양천구,목동현대B,재개발,564,1996-12-20,"신목로 10 (신정동 1279-1, 목동현대아파트)",08008,37.5184259572781,126.876286101182,ok,road,서울 양천구 신목로 10,Y,서울 양천구 신목로 10
SH,양천구,목동2차우성(신정5),재개발(리츠2호),1140,1998-04-01,"목동남로4길 6-46 (신정동 337-2, 목동2차우성아파트)",08104,37.5067310421678,126.864796603904,ok,road,서울 양천구 목동남로4길 6-46,Y,서울 양천구 목동남로4길 6-46
SH,양천구,신트리2,공공임대,698,2000-05-30,"신정로 275 (신정동 1258, 신트리2단지아파트)",08078,37.5130276487833,126.853126177609,ok,road,서울 양천구 신정로 275,Y,서울 양천구 신정로 275
SH,양천구,신정학마을2,공공임대,510,2000-10-23,"신정로14길 1 (신정동 1294, 학마을아파트)",08108,37.5089902876047,126.844838543043,ok,road,서울 양천구 신정로14길 1,Y,서울 양천구 신정로14길 1
SH,양천구,신정푸른마을1,공공임대,500,2001-02-13,"신정로7길 70 (신정동 1282, 푸른마을1단지아파트)",08048,37.5130260786636,126.836565981012,ok,road,서울 양천구 신정로7길 70,Y,서울 양천구 신정로7길 70
SH,양천구,신월동도센트리움,재건축,7,2007-09-20,"오목로17길 7 (신월동 1052, 동도센트리움아파트)",07935,37.5239746994528,126.846297380903,ok,road,서울 양천구 오목로17길 7,Y,서울 양천구 오목로17길 7
SH,양천구,장수마을동원데자뷰,재건축,9,2007-12-28,"오목로 76-2 (신월동 1049, 장수마을2단지동원데쟈뷰아파트)",08028,37.522036481306,126.845481669467,ok,road,서울 양천구 오목로 76-2,Y,서울 양천구 오목로 76-2
SH,양천구,수명산롯데캐슬,재건축,18,2008-11-10,"월정로 303 (신월동 1036, 수명산롯데캐슬)",07900,37.5450807317902,126.828698001373,ok,road,서울 양천구 월정로 303,Y,서울 양천구 월정로 303
SH,양천구,양천롯데캐슬,재건축,11,2011-01-19,"오목로5길 19 (신월동 1057, 양천롯데캐슬)",07930,37.5235031504333,126.839947625174,ok,road,서울 양천구 오목로5길 19,Y,서울 양천구 오목로5길 19
SH,양천구,신정이펜하우스2단지(신정3지구2단지),"국민,장기",259,2011-04-25,"신정이펜2로 55 (신정동 1322, 신정이펜하우스2단지)",08045,37.5151706404873,126.830991876791,ok,road,서울 양천구 신정이펜2로 55,Y,서울 양천구 신정이펜2로 55
SH,양천구,신정이펜하우스5단지(신정3지구5단지),"국민,장기",154,2011-04-25,"신정이펜1로 27 (신정동 1318, 신정이펜하우스5단지)",08051,37.511041638634,126.833419736021,ok,road,서울 양천구 신정이펜1로 27,Y,서울 양천구 신정이펜1로 27
SH,양천구,신정이펜하우스3단지,"국민,장기",1137,2011-06-30,"신정이펜1로 50 (신정동 1316, 신정이펜하우스3단지)",08050,37.5133510578131,126.829357473807,ok,road,서울 양천구 신정이펜1로 50,Y,서울 양천구 신정이펜1로 50
SH,양천구,신정이펜하우스4단지,"국민,장기",329,2011-06-30,"신정이펜1로 51 (신정동 1317, 신정이펜하우스4단지)",08051,37.5108510316658,126.83110409084,ok,road,서울 양천구 신정이펜1로 51,Y,서울 양천구 신정이펜1로 51
SH,양천구,신정이펜하우스1단지,"국민,장기",338,2011-08-09,"신정이펜1로 99 (신정동 1321, 신정이펜하우스1단지)",08046,37.5146635756281,126.825857074416,ok,road,서울 양천구 신정이펜1로 99,Y,서울 양천구 신정이펜1로 99
SH,양천구,신정뉴타운두산위브(신정1-2),재개발,61,2012-03-26,"신월로20길 7 (신월동 1055, 신정뉴타운두산위브아파트)",08063,37.5192826202131,126.846073415825,ok,road,서울 양천구 신월로20길 7,Y,서울 양천구 신월로20길 7
SH,양천구,신정뉴타운롯데캐슬(신정1-4),재개발,160,2014-05-12,"중앙로29길 61 (신월동 1063, 신정뉴타운롯데캐슬)",08061,37.5195419716155,126.848124974896,ok,road,서울 양천구 중앙로29길 61,Y,서울 양천구 중앙로29길 61
SH,양천구,신정공공주택(신정도시마을주택),기타임대,92,2014-06-16,"신정로13가길 6 (신정동 1289-2, 신정도시마을주택)",08080,37.5114775736569,126.843454056578,ok,road,서울 양천구 신정로13가길 6,Y,서울 양천구 신정로13가길 6
SH,양천구,목동센트럴푸르지오,재건축,67,2015-08-17,"오목로 354 (목동 404-13, 목동센트럴푸르지오)",08007,37.5239812598499,126.876796062529,ok,road,서울 양천구 오목로 354,Y,서울 양천구 오목로 354
SH,양천구,목동힐스테이트(신정제4구역),재개발,185,2016-06-30,"중앙로36길 15 (신정동 1323, 목동힐스테이트)",08083,37.5207753299155,126.855945462003,ok,road,서울 양천구 중앙로36길 15,Y,서울 양천구 중앙로36길 15
SH,양천구,신정4지구보금자리주택(신정숲속마을),"국민,장기",420,2016-08-15,"신정로 110 (신정동 1324, 신정숲속마을)",08111,37.5061237782028,126.83393067354,ok,road,서울 양천구 신정로 110,Y,서울 양천구 신정로 110
SH,양천구,신정3A6 이든채단지,행복(리츠1호),499,2019-03-01,신정로7길 75 (신정동 1320-8),08049,37.5130575238891,126.833725627369,ok,road,서울 양천구 신정로7길 75,Y,서울 양천구 신정로7길 75
SH,양천구,신정1-1(목동센트럴아이파크위브),"재개발,행복(리츠2호)",542,2020-04-13,남부순환로83길17 (신월동 1075),08068,37.5165341872468,126.84089468628,ok,road,서울 양천구 남부순환로83길 17,Y,서울 양천구 남부순환로83길17
SH,양천구,신정 파크샤인,행복(공사 건설형),101,2020-11-30,목동남로4길 100 (신정동 163-36),08102,37.5102621817008,126.869862995249,ok,road,서울 양천구 목동남로4길 100,Y,서울 양천구 목동남로4길 100
SH,양천구,래미안 목동아델리체(신정2-1),재개발,266,2021-01-30,중앙로43길 14 (신정동 1326),08072,37.5204176021651,126.851340568488,ok,road,서울 양천구 중앙로43길 14,Y,서울 양천구 중앙로43길 14
SH,양천구,솔리스타(목동 793-6),행복(재건축),9,2022-01-03,등촌로 20 (목동 793-6),07966,37.5316556147377,126.864132990028,ok,road,서울 양천구 등촌로 20,Y,서울 양천구 등촌로 20
SH,양천구,호반서밋목동(신정2-2),"재개발,행복(리츠2호)",71,2022-03-15,중앙로29길 11 (신정동 1150-41),08076,37.516972367078,126.853155774731,ok,road,서울 양천구 중앙로29길 11,Y,서울 양천구 중앙로29길 11
SH,양천구,신목동 파라곤,행복(재건축),17,2023-06-26,오목로55(신월2동 489-3),07936,37.5229582194078,126.844530543737,ok,road,서울 양천구 오목로 55,Y,서울 양천구 오목로55
SH,양천구,목동현대A,재개발,540,1997-01-19,양천구 12길 59(목동931),08007,37.5231769670331,126.877780437275,ok,jibun,서울 양천구 목동 931,Y,서울 양천구 목동 931
SH,양천구,신목동비바힐스,"장기전세(재건축), 행복(재건축)",10,2024-01-08,신월로123(신월동981-2),08044,37.5167222313891,126.837522789251,ok,road,서울 양천구 신월로 123,Y,서울 양천구 신월로123
SH,영등포구,신기목련,주거환경,105,1999-07-06,"신길로42가길 34 (신길동 4935, 신기목련아파트)",07362,37.5087341960892,126.915389163087,ok,road,서울 영등포구 신길로42가길 34,Y,서울 영등포구 신길로42가길 34
SH,영등포구,양평상록수(임대),주거환경,70,1999-12-01,"영등포로 17 (양평동2가 45, 상록수아파트)",07275,37.5237210806448,126.883484461229,ok,road,서울 영등포구 영등포로 17,Y,서울 영등포구 영등포로 17
SH,영등포구,신길삼성(신길2-3),재개발,387,2001-03-10,"신길로42길 25 (신길동 4934-2, 삼성아파트)",07362,37.5073188731781,126.913735419726,ok,road,서울 영등포구 신길로42길 25,Y,서울 영등포구 신길로42길 25
SH,영등포구,당산SH-VILLE,공공임대,195,2005-07-08,"영신로 183 (당산동3가 562, 당산 SH VILLE)",07258,37.5244926351416,126.901422979585,ok,road,서울 영등포구 영신로 183,Y,서울 영등포구 영신로 183
SH,영등포구,태승훼밀리아파트,재건축,11,2008-11-10,"선유서로34길 6 (양평동3가 103, 양평동1차 태승훼미리아파트)",07270,37.5265560740145,126.887187536559,ok,road,서울 영등포구 선유서로34길 6,Y,서울 영등포구 선유서로34길 6
SH,영등포구,영등포아트자이(도림16),재개발,147,2014-04-22,"도영로 66 (도림동 821, 영등포아트자이아파트)",07364,37.5103949442095,126.900176553265,ok,road,서울 영등포구 도영로 66,Y,서울 영등포구 도영로 66
SH,영등포구,래미안프레비뉴(신길11),재개발,172,2016-07-04,"가마산로 442 (신길동 4945, 래미안영등포프레비뉴)",07395,37.5049819420382,126.909527051265,ok,road,서울 영등포구 가마산로 442,Y,서울 영등포구 가마산로 442
SH,영등포구,보라매 신동아 파밀리에,재건축,14,2016-08-26,"디지털로 420 (대림동 1125, 신대림2차 신동아파밀리에)",07439,37.4934038334905,126.904935059384,ok,road,서울 영등포구 디지털로 420,Y,서울 영등포구 디지털로 420
SH,영등포구,신길7구역(래미안에스티움),재개발,189,2017-06-26,"신풍로 77 (신길동 4950, 래미안에스티움)",07390,37.5004196071802,126.911544544308,ok,road,서울 영등포구 신풍로 77,Y,서울 영등포구 신풍로 77
SH,영등포구,영등포1-4구역(아크로타워스퀘어),"재개발,행복(리츠2호)",200,2017-09-01,"국회대로 54길10 (영등포동7가 203, 아크로타워 스퀘어)",07247,37.5236586861947,126.906430209934,ok,road,서울 영등포구 국회대로54길 10,Y,서울 영등포구 국회대로 54길10
SH,영등포구,문래동모아미래도,재건축,23,2017-11-24,"선유로9나길 5 (문래동5가 67, 문래동모아미래도아파트)",07285,37.5172737716848,126.886720770118,ok,road,서울 영등포구 선유로9나길 5,Y,서울 영등포구 선유로9나길 5
SH,영등포구,신길14구역(신길센트럴아이파크),"재개발,행복(리츠2호)",111,2019-02-28,가마산로 426 (신길동 4955),07394,37.5040866208991,126.903502616521,ok,road,서울 영등포구 가마산로 426,Y,서울 영등포구 가마산로 426
SH,영등포구,신길5(보라매SK-VIEW),"재개발,행복(리츠2호)",286,2020-01-31,여의대방로35가길 19 (신길동 4958),07391,37.5037353406458,126.917440584163,ok,road,서울 영등포구 여의대방로35가길 19,Y,서울 영등포구 여의대방로35가길 19
SH,영등포구,신길12(신길센트럴자이),"재개발,행복(리츠2호)",184,2020-03-09,신길로 29길 17 (신길동 4964),07397,37.5037202920866,126.908277627757,ok,road,서울 영등포구 신길로29길 17,Y,서울 영등포구 신길로 29길 17
SH,영등포구,상아현대(당산센트럴아이파크),행복(재건축),87,2020-06-01,영신로 247 (당산동5가 43),07215,37.5304831048862,126.902812773342,ok,road,서울 영등포구 영신로 247,Y,서울 영등포구 영신로 247
SH,영등포구,대림3(e편한세상영등포아델포레),행복(재건축),55,2020-08-01,신길로 29 (대림동 1127),07440,37.4945138274401,126.906116482951,ok,road,서울 영등포구 신길로 29,Y,서울 영등포구 신길로 29
SH,영등포구,힐스테이트 클래시안(신길9),재개발,266,2020-10-06,신길로28길 9 (신길동 4969),07388,37.5033192540847,126.910985829062,ok,road,서울 영등포구 신길로28길 9,Y,서울 영등포구 신길로28길 9
SH,영등포구,신길파크자이(신길8구역),재개발,119,2021-01-05,신길로28길 25 (신길동 4967),07389,37.5023630577657,126.913465853022,ok,road,서울 영등포구 신길로28길 25,Y,서울 영등포구 신길로28길 25
SH,영등포구,신길역봉주르오피스텔(영등포동1가 31-3),행복(재건축),12,2022-01-03,경인로112길 17 (영등포동1가 31-3),07308,37.517922950216,126.914952452679,ok,road,서울 영등포구 경인로112길 17,Y,서울 영등포구 경인로112길 17
SH,영등포구,브라보(도림동 250-20),역세권청년,18,2022-05-30,도신로 59 (도림동 250-20),07374,37.506028250873,126.899250887254,ok,road,서울 영등포구 도신로 59,Y,서울 영등포구 도신로 59
SH,영등포구,더샵 파크프레스티지(신길3),"재개발,행복(리츠2호)",150,2022-08-01,가마산로79길 37 (신길동 145-40),07361,37.5074534790218,126.916999128646,ok,road,서울 영등포구 가마산로79길 37,Y,서울 영등포구 가마산로79길 37
SH,영등포구,한화포레나당산,역세권청년,87,2023-06-09,당산로 83 (당산동 2가 45-5),07264,37.522057531502,126.89528677963,ok,road,서울 영등포구 당산로 83,Y,서울 영등포구 당산로 83
SH,영등포구,준타워,역세권청년,34,2023-07-15,영등포로62길5 (신길동 173-6),07936,37.5149393982522,126.916766085016,ok,road,서울 영등포구 영등포로62길 5,Y,서울 영등포구 영등포로62길5
SH,영등포구,리오파크(영등포동2가 300-1),행복(재건축),2,2023-01-09,영등포로49길 9-8,07252,37.5201647290815,126.909370603015,ok,road,서울 영등포구 영등포로49길 9-8,Y,서울 영등포구 영등포로49길 9-8
SH,영등포구,소미더클래스한강,행복(재건축),17,2024-07-08,선유로54길 14,07222,37.5358311138152,126.899934699731,ok,road,서울 영등포구 선유로54길 14,Y,서울 영등포구 선유로54길 14
SH,영등포구,비스타 동원,역세권청년,70,2024-10-01,신풍로 28,07430,37.4998139228913,126.90960294998,ok,road,서울 영등포구 신풍로 28,Y,서울 영등포구 신풍로 28
SH,영등포구,신길 AK 푸르지오,재건축(장기전세),10,2025-06-30,가마산로483(신길동),07387,37.5064917904964,126.909807751431,ok,road,서울 영등포구 가마산로 483,Y,서울 영등포구 가마산로483
SH,용산구,산천리버힐삼성(산천삼성),재개발,363,2000-09-23,"효창원로13길 7 (산천동 194, 리버힐삼성아파트)",04358,37.5356967470594,126.952096399226,ok,road,서울 용산구 효창원로13길 7,Y,서울 용산구 효창원로13길 7
SH,용산구,도원삼성(도원),재개발,534,2001-10-05,"새창로8길 7 (도원동 25, 도원동삼성래미안아파트)",04354,37.5396768258994,126.956277329878,ok,road,서울 용산구 새창로8길 7,Y,서울 용산구 새창로8길 7
SH,용산구,용산e편한세상(신계),재개발,168,2011-02-28,"원효로 216 (신계동 48, 용산e편한세상)",04368,37.536723363574,126.966527167157,ok,road,서울 용산구 원효로 216,Y,서울 용산구 원효로 216
SH,용산구,용산롯데캐슬센터포레,"재개발,행복(리츠2호)",82,2019-04-30,백범로 313 (효창동 287),04317,37.5393023092398,126.962948470932,ok,road,서울 용산구 백범로 313,Y,서울 용산구 백범로 313
SH,용산구,용산센트럴파크 헤링턴스퀘어(국제4구역),"재개발,행복(리츠2호)",194,2020-08-22,서빙고로 17 (한강로3가 98),04387,37.5269056148241,126.966566172294,ok,road,서울 용산구 서빙고로 17,Y,서울 용산구 서빙고로 17
SH,용산구,역세권 공공(한강로 2가 2-350 일원),역세권청년,421,2021-05-17,백범로99길 40 (한강로2가 426),04375,37.5358258637822,126.971639287338,ok,road,서울 용산구 백범로99길 40,Y,서울 용산구 백범로99길 40
SH,용산구,효창파크뷰데시앙(효창6),"재개발,행복(리츠2호)",58,2022-03-29,효창원로 227 (효창동 3-250),04311,37.5473793002411,126.96203907111,ok,road,서울 용산구 효창원로 227,Y,서울 용산구 효창원로 227
SH,용산구,용산원효루미니(용산구 원효로1가 104),역세권청년,296,2022-05-29,원효로 97길 15 (원효로1가 134)),04314,37.5414178959126,126.969372542271,ok,road,서울 용산구 원효로97길 15,Y,서울 용산구 원효로 97길 15 )
SH,용산구,어반허브 서울 스테이션,역세권청년,113,2025-10-13,청파로73길 36-7(서계동),04303,37.5509663711073,126.968190571403,ok,road,서울 용산구 청파로73길 36-7,Y,서울 용산구 청파로73길 36-7
SH,용산구,용산 남영역 롯데캐슬 헤리티지,역세권청년,52,2025-10-13,한강대로71길 47 (갈월동),04322,37.5413407189389,126.971694114022,ok,road,서울 용산구 한강대로71길 47,Y,서울 용산구 한강대로71길 47
SH,은평구,수색대림(수색2-1),재개발,464,2001-10-15,"은평터널로 66 (수색동 415-4, 대림한숲타운아파트)",03492,37.5868473003911,126.901612877648,ok,road,서울 은평구 은평터널로 66,Y,서울 은평구 은평터널로 66
SH,은평구,불광SH-ville(불광1),재개발,100,2005-10-07,"불광로2길 46 (불광동 633-2, 불광에스에이치빌)",03366,37.6115390949586,126.93567596888,ok,road,서울 은평구 불광로2길 46,Y,서울 은평구 불광로2길 46
SH,은평구,응암SH-ville(응암6),재개발,136,2007-09-20,"백련산로 146-30 (응암동 176-1, 응암 SH-VILLE)",03475,37.5980401983599,126.926865459421,ok,road,서울 은평구 백련산로 146-30,Y,서울 은평구 백련산로 146-30
SH,은평구,"상림마을8-2단지(은평1-1,임대)","국민,장기",403,2008-06-01,"진관4로 17 (진관동 19, 은평뉴타운상림마을)",03302,37.6436459287601,126.922900461734,ok,road,서울 은평구 진관4로 17,Y,서울 은평구 진관4로 17
SH,은평구,"상림마을8-1단지(은평1-2,임대)","국민,장기",114,2008-06-01,"진관4로 37 (진관동 14, 은평뉴타운상림마을)",03302,37.644469386862,126.925073996113,ok,road,서울 은평구 진관4로 37,Y,서울 은평구 진관4로 37
SH,은평구,"상림마을7-3단지(은평1-3,임대)","국민,장기",81,2008-06-01,"진관4로 47 (진관동 13, 은평뉴타운상림마을)",03303,37.645686478376,126.927010489747,ok,road,서울 은평구 진관4로 47,Y,서울 은평구 진관4로 47
SH,은평구,"상림마을7-2단지(은평1-4,임대)","국민,장기",77,2008-06-01,"진관4로 77 (진관동 6, 은평뉴타운상림마을)",03303,37.646668707628,126.928443600221,ok,road,서울 은평구 진관4로 77,Y,서울 은평구 진관4로 77
SH,은평구,"상림마을6-4단지(은평1-5,임대)","국민,장기",103,2008-06-01,"진관4로 87 (진관동 5, 은평뉴타운상림마을)",03304,37.6478419819654,126.929665012724,ok,road,서울 은평구 진관4로 87,Y,서울 은평구 진관4로 87
SH,은평구,"상림마을6-3단지(은평1-6,임대)","국민,장기",195,2008-06-01,"진관4로 107 (진관동 1, 은평뉴타운상림마을)",03304,37.6497519777393,126.930887140716,ok,road,서울 은평구 진관4로 107,Y,서울 은평구 진관4로 107
SH,은평구,"상림마을6-2단지(은평1-7,임대)","국민,장기",89,2008-06-01,"진관4로 100 (진관동 2, 은평뉴타운상림마을)",03304,37.6498059898839,126.933151151756,ok,road,서울 은평구 진관4로 100,Y,서울 은평구 진관4로 100
SH,은평구,"상림마을6-1단지(은평1-8,임대)","국민,장기",100,2008-06-01,"진관4로 78-7 (진관동 3, 은평뉴타운상림마을)",03304,37.6473922719123,126.930527973094,ok,road,서울 은평구 진관4로 78-7,Y,서울 은평구 진관4로 78-7
SH,은평구,"상림마을7-1단지(은평1-9,임대)","국민,장기",127,2008-06-01,"진관4로 78-8 (진관동 7, 은평뉴타운상림마을)",03303,37.6460949791009,126.928324494486,ok,road,서울 은평구 진관4로 78-8,Y,서울 은평구 진관4로 78-8
SH,은평구,"상림마을7-4단지(은평1-10,임대)","국민,장기",133,2008-06-01,"진관4로 48-17 (진관동 12, 은평뉴타운상림마을)",03303,37.6451329256381,126.926883785097,ok,road,서울 은평구 진관4로 48-17,Y,서울 은평구 진관4로 48-17
SH,은평구,"상림마을7-5단지(은평1-11,임대)","국민,장기",97,2008-06-01,"진관4로 48-8 (진관동 15, 은평뉴타운상림마을)",03303,37.6439570568606,126.928212674738,ok,road,서울 은평구 진관4로 48-8,Y,서울 은평구 진관4로 48-8
SH,은평구,"상림마을8-3단지(은평1-12,임대)","국민,장기",180,2008-06-01,"진관3로 70 (진관동 20, 은평뉴타운상림마을)",03302,37.6422598317106,126.923141080933,ok,road,서울 은평구 진관3로 70,Y,서울 은평구 진관3로 70
SH,은평구,"박석고개1-3단지(은평2-1,임대)","국민,장기",341,2009-01-22,"진관1로 21-10 (진관동 102, 은평뉴타운 박석고개)",03311,37.6342707354029,126.919398866427,ok,road,서울 은평구 진관1로 21-10,Y,서울 은평구 진관1로 21-10
SH,은평구,"박석고개1-1단지(은평2-12,임대)","국민,장기",357,2009-01-22,"진관1로 21-9 (진관동 101, 은평뉴타운 박석고개)",03311,37.6329244639,126.919502961914,ok,road,서울 은평구 진관1로 21-9,Y,서울 은평구 진관1로 21-9
SH,은평구,구산그린빌,주거환경,153,2009-02-12,"갈현로7길 56 (구산동 226, 구산그린빌)",03428,37.6051608009671,126.904298121593,ok,road,서울 은평구 갈현로7길 56,Y,서울 은평구 갈현로7길 56
SH,은평구,"마고정3-2단지(은평2-3,임대)","국민,장기",200,2009-11-29,"진관2로 90 (진관동 107, 은평뉴타운 마고정)",03310,37.6338060816554,126.925688437384,ok,road,서울 은평구 진관2로 90,Y,서울 은평구 진관2로 90
SH,은평구,"마고정3-3단지(은평2-2,임대)","국민,장기",193,2009-12-10,"진관2로 60 (진관동 105, 은평뉴타운 마고정)",03310,37.6339160374251,126.922796996822,ok,road,서울 은평구 진관2로 60,Y,서울 은평구 진관2로 60
SH,은평구,"마고정3-1단지(은평2-11,임대)","국민,장기",285,2009-12-10,"진관1로 55 (진관동 106, 은평뉴타운 마고정)",03310,37.6315663816842,126.927817322461,ok,road,서울 은평구 진관1로 55,Y,서울 은평구 진관1로 55
SH,은평구,"우물골2-1단지(은평2-4,임대)","국민,장기",83,2010-01-04,"진관2로 67 (진관동 82, 은평뉴타운 우물골)",03306,37.6347001391755,126.92400627264,ok,road,서울 은평구 진관2로 67,Y,서울 은평구 진관2로 67
SH,은평구,"우물골2-2단지(은평2-5,임대)","국민,장기",164,2010-01-04,"진관2로 77 (진관동 83, 은평뉴타운우물골)",03306,37.634569572388,126.926834884276,ok,road,서울 은평구 진관2로 77,Y,서울 은평구 진관2로 77
SH,은평구,"폭포동4-1단지(은평3-10,임대)",장기전세,297,2010-06-15,"진관1로 77-8 (진관동 113, 은평뉴타운 폭포동)",03310,37.6313627876469,126.930720986749,ok,road,서울 은평구 진관1로 77-8,Y,서울 은평구 진관1로 77-8
SH,은평구,"구파발9-1단지(은평3-3,임대)","국민,장기",1022,2010-07-13,"진관3로 67 (진관동 22, 은평뉴타운 구파발)",03301,37.6427644551257,126.920932686788,ok,road,서울 은평구 진관3로 67,Y,서울 은평구 진관3로 67
SH,은평구,북한산힐스테이트3차(불광3),재개발,147,2010-08-26,"불광로14길 10-4 (불광동 640, 북한산현대힐스테이트3차아파트)",03362,37.619784895011,126.934286621938,ok,road,서울 은평구 불광로14길 10-4,Y,서울 은평구 불광로14길 10-4
SH,은평구,북한산래미안(불광6),재개발,135,2010-09-30,"불광로2길 41 (불광동 637-1, 북한산래미안아파트)",03366,37.6116306495066,126.936199823498,ok,road,서울 은평구 불광로2길 41,Y,서울 은평구 불광로2길 41
SH,은평구,"구파발10-2단지(은평3-4,임대)","국민,장기",423,2010-12-01,"진관3로 15-35 (진관동 28, 은평뉴타운 구파발)",03300,37.6424906932298,126.917321258805,ok,road,서울 은평구 진관3로 15-35,Y,서울 은평구 진관3로 15-35
SH,은평구,북한산힐스테이트(불광7),재개발,188,2011-08-01,"통일로 796 (불광동 643, 북한산 힐스테이트7차)",03357,37.616343199117,126.925757582129,ok,road,서울 은평구 통일로 796,Y,서울 은평구 통일로 796
SH,은평구,백련산힐스테이트1차(응암7),재개발,78,2012-01-27,"백련산로2길 39 (응암동 759-1, 백련산 힐스테이트 1차)",03477,37.5895653847943,126.925288376559,ok,road,서울 은평구 백련산로2길 39,Y,서울 은평구 백련산로2길 39
SH,은평구,백련산힐스테이트2차(응암8),재개발,255,2012-01-27,"백련산로2길 42 (응암동 760-2, 백련산 힐스테이트 2차)",03477,37.5894927086784,126.92407082902,ok,road,서울 은평구 백련산로2길 42,Y,서울 은평구 백련산로2길 42
SH,은평구,백련산힐스테이트3차(응암9),재개발,219,2012-01-27,"백련산로2길 46 (응암동 761-1, 백련산 힐스테이트 3차)",03477,37.5890048869464,126.924735950187,ok,road,서울 은평구 백련산로2길 46,Y,서울 은평구 백련산로2길 46
SH,은평구,"구파발10-3단지(은평3-5,임대)","국민,장기",712,2012-02-24,"북한산로 2 (진관동 29, 은평뉴타운구파발)",03300,37.6422433283206,126.916235958975,ok,road,서울 은평구 북한산로 2,Y,서울 은평구 북한산로 2
SH,은평구,녹번센트레빌(응암3),재개발,60,2013-11-28,"백련산로 160 (응암동 762, 녹번역센트레빌)",03474,37.5983345031022,126.925920084826,ok,road,서울 은평구 백련산로 160,Y,서울 은평구 백련산로 160
SH,은평구,불광롯데캐슬(불광4),재개발,100,2013-12-03,"불광로 64 (불광동 645, 불광 롯데캐슬)",03364,37.6131320544168,126.932470564865,ok,road,서울 은평구 불광로 64,Y,서울 은평구 불광로 64
SH,은평구,갈현 공공기숙사(희망하우징),기타임대,41,2014-01-27,통일로 943 (갈현동 3-4),03314,37.6271343312043,126.919449846962,ok,road,서울 은평구 통일로 943,Y,서울 은평구 통일로 943
SH,은평구,"기자촌11단지(은평3-12,임대)",장기전세,21,2014-12-30,연서로46길 7 (진관동 150),03308,37.6339652491329,126.932682946126,ok,road,서울 은평구 연서로46길 7,Y,서울 은평구 연서로46길 7
SH,은평구,북한산푸르지오(녹번1-3),재개발,155,2015-08-25,"통일로 660 (녹번동 281, 북한산푸르지오아파트)",03370,37.6059008670873,126.936142883261,ok,road,서울 은평구 통일로 660,Y,서울 은평구 통일로 660
SH,은평구,산새마을 두레주택,기타임대,5,2017-08-01,"가좌로11나길 23 (신사동 237-231, 은평구 산새마을 두레주택)",03439,37.5962458737887,126.905318917808,ok,road,서울 은평구 가좌로11나길 23,Y,서울 은평구 가좌로11나길 23
SH,은평구,힐스테이트백련산4차,재건축,30,2017-11-13,"백련산로 37 (응암동 764, 힐스테이트백련산4차아파트)",03469,37.5894133333452,126.92227448589,ok,road,서울 은평구 백련산로 37,Y,서울 은평구 백련산로 37
SH,은평구,힐스테이트(녹번제1-1구역),"재개발,행복(리츠2호)",182,2018-10-10,통일로610 (녹번동 282),03373,37.6019824456298,126.935947829509,ok,road,서울 은평구 통일로 610,Y,서울 은평구 통일로610
SH,은평구,래미안베라힐즈아파트(녹번1-2구역),"재개발,행복(리츠2호)",258,2018-12-31,통일로 630 (녹번동 283),03372,37.6028959898733,126.936003442364,ok,road,서울 은평구 통일로 630,Y,서울 은평구 통일로 630
SH,은평구,은뜨락(서울리츠1호),행복(리츠1호),350,2019-03-01,통일로 972 (진관동 235-28),03311,37.6301758375471,126.91991625048,ok,road,서울 은평구 통일로 972,Y,서울 은평구 통일로 972
SH,은평구,응암역효성해링턴플레이스(신사19),행복(재건축),22,2019-03-01,가좌로 334 (신사동 372),03437,37.5981225315725,126.908729530954,ok,road,서울 은평구 가좌로 334,Y,서울 은평구 가좌로 334
SH,은평구,이룸채(은평준주거2),행복(리츠1호),630,2019-07-01,통일로1045 (진관동 48),03312,37.6358221607447,126.916447098947,ok,road,서울 은평구 통일로 1045,Y,서울 은평구 통일로1045
SH,은평구,백련산 SK VIEW 아이파크아파트(응암10구역),"재개발,행복(리츠2호)",226,2019-08-31,응암로30길 16 (응암동 767),03466,37.5952285650967,126.91939457024,ok,road,서울 은평구 응암로30길 16,Y,서울 은평구 응암로30길 16
SH,은평구,백련산파크자이,행복(재건축),4,2019-10-07,백련산로67 (응암동 766),03468,37.5927972064559,126.921619781742,ok,road,서울 은평구 백련산로 67,Y,서울 은평구 백련산로67
SH,은평구,백련산해모로(응암11),"재개발,행복(리츠2호)",114,2020-03-31,응암로 30길 15 (응암동 768),03465,37.5959775729359,126.921690274973,ok,road,서울 은평구 응암로30길 15,Y,서울 은평구 응암로 30길 15
SH,은평구,녹번역이편한세상캐슬(응암2구역),"재개발,행복(리츠2호)",390,2020-06-20,은평로 220 (응암동 769),03472,37.6005343844723,126.932098856535,ok,road,서울 은평구 은평로 220,Y,서울 은평구 은평로 220
SH,은평구,DMC롯데캐슬더퍼스트(수색4),"재개발,행복(리츠2호)",203,2020-07-01,수색로 300 (수색동 417),03488,37.5850903459468,126.890441915048,ok,road,서울 은평구 수색로 300,Y,서울 은평구 수색로 300
SH,은평구,역촌동 44-2 행복주택(다세대),행복(재건축),10,2020-12-28,연서로 16 (역촌동 44-2),03409,37.6005553283256,126.916436274933,ok,road,서울 은평구 연서로 16,Y,서울 은평구 연서로 16
SH,은평구,힐스테이트녹번역(응암1),"재개발,행복(리츠2호)",132,2021-04-30,은평로 240 (응암동 1-12),03473,37.6004214734002,126.934948113512,ok,road,서울 은평구 은평로 240,Y,서울 은평구 은평로 240
SH,은평구,대조동 26-10 행복주택(다세대),행복(재건축),2,2021-07-26,진흥로 153-6 (대조동 26-10),03396,37.6093799824049,126.926451622343,ok,road,서울 은평구 진흥로 153-6,Y,서울 은평구 진흥로 153-6
SH,은평구,역촌동 85-9 행복주택(다세대),행복(재건축),2,2021-07-26,은평로3길 18-2 (역촌동 85-9),03421,37.600509255347,126.915379216589,ok,road,서울 은평구 은평로3길 18-2,Y,서울 은평구 은평로3길 18-2
SH,은평구,신사동 29-160 행복주택(다세대),행복(재건축),5,2021-07-26,은평로 12-1 (신사동 29-160),03450,37.5970184127859,126.910080089578,ok,road,서울 은평구 은평로 12-1,Y,서울 은평구 은평로 12-1
SH,은평구,DMC SK VIEW(수색9),"재개발,재건축,행복(리츠2호)",135,2021-12-13,수색로 216 (수색동 30-2),03505,37.5798457128547,126.899932768477,ok,road,서울 은평구 수색로 216,Y,서울 은평구 수색로 216
SH,은평구,DMC센트럴자이(증산2),"재개발,행복(리츠2호)",164,2022-03-31,수색로 200 (증산동 213-20),03506,37.5794195375926,126.900673276716,ok,road,서울 은평구 수색로 200,Y,서울 은평구 수색로 200
SH,은평구,DMC센트럴자이(증산2)_2단지,"재개발,행복(리츠2호)",73,2022-03-31,수색로 200 (증산동 213-20),03506,37.5794195375926,126.900673276716,ok,road,서울 은평구 수색로 200,Y,서울 은평구 수색로 200
SH,은평구,초행지붕-신사,행복(공사 건설형),7,2022-10-06,은평터널로5길 25 (신사동 300-60),03446,37.5912603005851,126.903726121703,ok,road,서울 은평구 은평터널로5길 25,Y,서울 은평구 은평터널로5길 25
SH,은평구,서해그랑블(구산동198-3),역세권청년,21,2023-03-01,서오릉로 165 (구산동 198-3),03411,37.612240346751,126.91504007892,ok,road,서울 은평구 서오릉로 165,Y,서울 은평구 서오릉로 165
SH,은평구,초행지붕_신사동 300-56 행복주택(빈집정비),행복(공사 건설형),6,2022-10-06,은평터널로5길 19 (신사동 300-56),03446,37.5915712876657,126.90390394197,ok,road,서울 은평구 은평터널로5길 19,Y,서울 은평구 은평터널로5길 19
SH,은평구,역세권 공공(은평구 대조동 2-9),역세권청년,347,2023-06-09,통일로 797 (대조동 241),03391,37.6153323222593,126.924953393177,ok,road,서울 은평구 통일로 797,Y,서울 은평구 통일로 797
SH,은평구,DMC아트포레자이(수색7),재개발,116,2023-07-03,은평터널로 27 (수색동189),03490,37.5850745829803,126.897053085386,ok,road,서울 은평구 은평터널로 27,Y,서울 은평구 은평터널로 27
SH,은평구,DMC파인시티자이(수색6),재개발,208,2023-07-31,은평터널로 27(수색동 359-9),03489,37.5850745829803,126.897053085386,ok,road,서울 은평구 은평터널로 27,Y,서울 은평구 은평터널로 27
SH,은평구,DMC SK뷰 아이파크포레(수색13),"재개발,행복(재건축)",300,2023-10-04,수색로 322(수색동 341-6),03488,37.5873678307971,126.892550386685,ok,road,서울 은평구 수색로 322,Y,서울 은평구 수색로 322
SH,은평구,연신내역 루체스테이션,역세권청년,74,2024-03-17,불광동 323-21,03350,37.6186535463693,126.923136843808,ok,road,서울 은평구 불광동 323-21,Y,서울 은평구 불광동 323-21
SH,은평구,THE STUDIO 163,역세권청년,16,2024-09-02,연서로27길 4,03331,37.6178311041954,126.919063560235,ok,road,서울 은평구 연서로27길 4,Y,서울 은평구 연서로27길 4
SH,은평구,센트레빌 아스테리움 시그니처,장기전세(재건축),68,2025-02-03,갈현로7길 25,03432,37.6041057910281,126.907409235632,ok,road,서울 은평구 갈현로7길 25,Y,서울 은평구 갈현로7길 25
SH,은평구,Lumino 816,역세권청년,119,2025-01-08,서울특별시 은평구 통일로 816,03351,37.6169297383776,126.923912454721,ok,road,서울 은평구 통일로 816,Y,서울 은평구 통일로 816
SH,종로구,무악현대(무악1),재개발,550,2000-02-01,"통일로 246-11 (무악동 83, 무악현대아파트)",03025,37.5752130892527,126.959127056362,ok,road,서울 종로구 통일로 246-11,Y,서울 종로구 통일로 246-11
SH,종로구,경희궁자이(돈의문1구역),"재개발,행복(리츠2호)",496,2017-07-03,"송월길 130 (행촌동 211, 경희궁자이 1단지)",03166,37.5722355967751,126.964496455236,ok,road,서울 종로구 송월길 130,Y,서울 종로구 송월길 130
SH,종로구,종로구 충신동 연극인 두레주택 6호점,기타임대,4,2019-01-30,충신4길 28-3(충신동 1-198),03098,37.5753587376502,127.007993184915,ok,road,서울 종로구 충신4길 28-3,Y,서울 종로구 충신4길 28-3
SH,종로구,종로구 충신동 연극인 두레주택 4호점,기타임대,4,2019-02-01,충신4길 31-24(충신동 1-136),03098,37.5761604271921,127.008217415912,ok,road,서울 종로구 충신4길 31-24,Y,서울 종로구 충신4길 31-24
SH,종로구,종로구 충신동 연극인 두레주택 2호점,기타임대,6,2019-01-28,충신4길 18(충신동 1-232),03098,37.5756913974927,127.007804169811,ok,road,서울 종로구 충신4길 18,Y,서울 종로구 충신4길 18
SH,종로구,종로구 충신동 연극인 두레주택 1호점,기타임대,5,2019-05-30,충신길 80-4(충신동 1-66),03098,37.5762901569575,127.007030363634,ok,road,서울 종로구 충신길 80-4,Y,서울 종로구 충신길 80-4
SH,종로구,종로구 충신동 연극인 두레주택 5호점,기타임대,4,2019-05-30,충신4길 31-22(충신동 1-139),03098,37.5760703313737,127.008165105503,ok,road,서울 종로구 충신4길 31-22,Y,서울 종로구 충신4길 31-22
SH,종로구,종로구 충신동 연극인 두레주택 3호점,기타임대,3,2019-07-17,충신4길 17-15(충신동 1-239),03098,37.5761554182927,127.007672561181,ok,road,서울 종로구 충신4길 17-15,Y,서울 종로구 충신4길 17-15
SH,종로구,제이타워오피스텔(창신동 255-1),행복(재건축),17,2022-07-04,지봉로 37-29 (창신동 255-1),03104,37.5738218354137,127.015186841076,ok,road,서울 종로구 지봉로 37-29,Y,서울 종로구 지봉로 37-29
SH,중구,약수하이츠동아(신당4),재개발,684,1999-10-16,"동호로10길 30 (신당동 842, 약수하이츠)",04593,37.5551915990934,127.016359379417,ok,road,서울 중구 동호로10길 30,Y,서울 중구 동호로10길 30
SH,중구,신당삼성(신당5),재개발,440,2000-02-01,"청구로1길 23 (신당동 843, 삼성아파트)",04588,37.5585358838305,127.01844745293,ok,road,서울 중구 청구로1길 23,Y,서울 중구 청구로1길 23
SH,중구,하왕한진그랑빌(하왕1-2),재개발,116,2000-06-01,"왕십리로39길 30 (신당동 845, 한진그랑빌아파트)",04580,37.5637098514331,127.025708469371,ok,road,서울 중구 왕십리로39길 30,Y,서울 중구 왕십리로39길 30
SH,중구,남산타운(신당3),재개발,2034,2000-08-01,"다산로 32 (신당동 844, 남산타운)",04595,37.5471505540187,127.005706247221,ok,road,서울 중구 다산로 32,Y,서울 중구 다산로 32
SH,중구,중림삼성(충정삼성),재개발,355,2001-02-10,"중림로4길 41 (중림동 201, 삼성사이버빌리지)",04502,37.5570690448489,126.964821110374,ok,road,서울 중구 중림로4길 41,Y,서울 중구 중림로4길 41
SH,중구,황학롯데캐슬(황학),재개발,336,2008-04-30,"청계천로 400 (황학동 2545, 롯데캐슬베네치아)",04572,37.5708105464699,127.021463886656,ok,road,서울 중구 청계천로 400,Y,서울 중구 청계천로 400
SH,중구,래미안신당하이베르(신당6),재개발,161,2011-12-26,"퇴계로90길 74 (신당동 851, 래미안신당하이베르아파트)",04582,37.5610379790132,127.020985832433,ok,road,서울 중구 퇴계로90길 74,Y,서울 중구 퇴계로90길 74
SH,중구,청구e-편한세상(신당7),재개발,158,2012-01-03,"청구로 64 (신당동 852, 청구 e편한세상)",04587,37.5599601596254,127.015451019186,ok,road,서울 중구 청구로 64,Y,서울 중구 청구로 64
SH,중구,만리동예술인협동조합,기타임대,29,2015-03-31,만리재로27길 69 (만리동2가 218-105),04500,37.5541945572233,126.962087899654,ok,road,서울 중구 만리재로27길 69,Y,서울 중구 만리재로27길 69
SH,중구,서울역센트럴자이(만리2구역),"재개발,행복(리츠2호)",228,2017-11-06,만리재로 175 (만리동2가 273),04500,37.5547908528642,126.964454371144,ok,road,서울 중구 만리재로 175,Y,서울 중구 만리재로 175
SH,중구,동대문역사문화공원역 166 tower,역세권청년,21,2023-10-16,마른내로159-4(광희동1가 166),04561,37.5648372138435,127.005957061411,ok,road,서울 중구 마른내로 159-4,Y,서울 중구 마른내로159-4
SH,중구,해든집(남대문 기부채납),기타임대,182,2025-09-09,후암로60길 21,04637,37.5549477813112,126.974456830446,ok,road,서울 중구 후암로60길 21,Y,서울 중구 후암로60길 21
SH,중랑구,면목,영구임대,905,1991-09-30,"용마산로 228 (면목동 1382, 도시개발아파트)",02257,37.5741661331223,127.088302169337,ok,road,서울 중랑구 용마산로 228,Y,서울 중랑구 용마산로 228
SH,중랑구,신내12,영구임대,1000,1995-11-28,"봉화산로 153 (상봉동 481, 신내12단지신내아파트)",02044,37.6058186173408,127.091609767692,ok,road,서울 중랑구 봉화산로 153,Y,서울 중랑구 봉화산로 153
SH,중랑구,신내10,"영구,공공",1432,1996-03-15,"신내로 115 (신내동 660, 신내10단지아파트)",02043,37.6092975270629,127.094904201668,ok,road,서울 중랑구 신내로 115,Y,서울 중랑구 신내로 115
SH,중랑구,신내9,공공임대,335,1996-06-01,"신내로 127 (신내동 657, 신내9단지신내아파트)",02026,37.6108674372868,127.095651882252,ok,road,서울 중랑구 신내로 127,Y,서울 중랑구 신내로 127
SH,중랑구,청광플러스원,재건축,8,2007-12-28,"동일로136길 15 (중화동 453, 청광플러스원)",02050,37.6025548174692,127.080170207366,ok,road,서울 중랑구 동일로136길 15,Y,서울 중랑구 동일로136길 15
SH,중랑구,묵동월드메르디앙,재건축,10,2009-03-31,"중랑천로 316 (묵동 392, 묵동월드메르디앙아파트)",02004,37.6132804037442,127.073338722026,ok,road,서울 중랑구 중랑천로 316,Y,서울 중랑구 중랑천로 316
SH,중랑구,신내데시앙,"국민,장기",967,2010-01-10,"용마산로 669 (신내동 317, 신내데시앙아파트)",02053,37.6097690028367,127.098976905071,ok,road,서울 중랑구 용마산로 669,Y,서울 중랑구 용마산로 669
SH,중랑구,묵동리본타워(묵동시프트),장기전세,86,2013-06-29,"신내로 277 (묵동 7, 묵동리본타워)",02021,37.6190336864781,127.086231060231,ok,road,서울 중랑구 신내로 277,Y,서울 중랑구 신내로 277
SH,중랑구,신내3-2(신내데시앙포레),"국민,장기",1176,2013-12-14,"신내역로 165 (신내동 817, 신내우디안2단지)",02055,37.6165826807685,127.109631685269,ok,road,서울 중랑구 신내역로 165,Y,서울 중랑구 신내역로 165
SH,중랑구,현대프레미어스엠코(상봉8),재개발,24,2014-04-15,"망우로 353 (상봉동 500, 상봉 프레미어스 엠코)",02087,37.5983328190955,127.091624142481,ok,road,서울 중랑구 망우로 353,Y,서울 중랑구 망우로 353
SH,중랑구,신내3-1(신내우디안1단지),"국민,장기",787,2014-06-23,"신내역로1길 85 (신내동 816, 신내우디안1단지)",02055,37.6167825035902,127.106000777377,ok,road,서울 중랑구 신내역로1길 85,Y,서울 중랑구 신내역로1길 85
SH,중랑구,면목2코오롱하늘채,재건축,9,2015-04-03,"용마산로 210 (면목동 1537, 용마산 하늘채)",02256,37.5719825807121,127.087078181145,ok,road,서울 중랑구 용마산로 210,Y,서울 중랑구 용마산로 210
SH,중랑구,신내 의료안심주택,기타임대,222,2015-10-31,"신내로16길 33 (신내동 315-1, 신내동 의료안심주택)",02053,37.6141744003285,127.097663011906,ok,road,서울 중랑구 신내로16길 33,Y,서울 중랑구 신내로16길 33
SH,중랑구,우디안3(행복주택),행복(공사 건설형),50,2017-09-14,"신내역로1길 142 (신내동 826, 우디안3단지)",02263,37.6176622027121,127.11035297222,ok,road,서울 중랑구 신내역로1길 142,Y,서울 중랑구 신내역로1길 142
SH,중랑구,e편한세상화랑대,재건축,80,2017-11-13,"숙선옹주로 45 (묵동 396, e-편한세상화랑대)",02030,37.6156214447956,127.082735516021,ok,road,서울 중랑구 숙선옹주로 45,Y,서울 중랑구 숙선옹주로 45
SH,중랑구,우디안 4단지(신내3지구 4단지),행복(공사 건설형),289,2018-09-28,신내역로 160 (신내동 831),02263,37.6169216250193,127.11108471141,ok,road,서울 중랑구 신내역로 160,Y,서울 중랑구 신내역로 160
SH,중랑구,신내 글로리움(신내동 640),행복(공사 건설형),229,2019-10-17,신내로 208 (신내동 640),02052,37.6170001495716,127.093117583409,ok,road,서울 중랑구 신내로 208,Y,서울 중랑구 신내로 208
SH,중랑구,한양수자인 사가정파크(면목1),행복(재건축),36,2019-12-16,사가정로72길 26 (면목동 1543),02260,37.5800384835576,127.093411842524,ok,road,서울 중랑구 사가정로72길 26,Y,서울 중랑구 사가정로72길 26
SH,중랑구,사가정센트럴아이파크(면목3),행복(재건축),163,2020-08-01,동일로 92길 40 (면목동 1545),02226,37.58188308245,127.080449862319,ok,road,서울 중랑구 동일로92길 40,Y,서울 중랑구 동일로 92길 40
SH,중랑구,면목라온프라이빗(면목5),행복(재건축),60,2020-12-28,동일로91길 23 (면목동 171-7),02234,37.5819647356199,127.078542416608,ok,road,서울 중랑구 동일로91길 23,Y,서울 중랑구 동일로91길 23
SH,중랑구,블리스다임빌(상봉동 104-33),행복(재건축),5,2022-01-03,면목로92가길 15-11 (상봉동 104-33),02154,37.59464799436,127.087402047366,ok,road,서울 중랑구 면목로92가길 15-11,Y,서울 중랑구 면목로92가길 15-11
SH,중랑구,제이스타상봉,역세권청년,6,2021-12-15,봉우재로 111 (상봉동 109-34),02138,37.5926916036881,127.08527760824,ok,road,서울 중랑구 봉우재로 111,Y,서울 중랑구 봉우재로 111
SH,중랑구,칼튼테라스(묵동 176-39외 3필지),역세권청년,24,2022-05-31,공릉로2길 8-4 (묵동 176-39),02037,37.6118425179795,127.078245490703,ok,road,서울 중랑구 공릉로2길 8-4,Y,서울 중랑구 공릉로2길 8-4
SH,중랑구,상봉태솔,행복(재건축),6,2023-01-09,봉우재로 41길 29 (상봉동 105-97),02153,37.5943875116299,127.088858249404,ok,road,서울 중랑구 봉우재로41길 29,Y,서울 중랑구 봉우재로 41길 29
SH,중랑구,용마산모아엘가파크포레,행복(재건축),9,2023-01-31,용마산로 84길 9-16 (면목동 55-14),02193,37.5855423107625,127.095747744909,ok,road,서울 중랑구 용마산로84길 9-16,Y,서울 중랑구 용마산로 84길 9-16
SH,중랑구,월디움상봉(상봉동 102-3),행복(재건축),6,2023-07-01,면목로92라길 2 (상봉동 102-3),02148,37.595623011494,127.087450179926,ok,road,서울 중랑구 면목로92라길 2,Y,서울 중랑구 면목로92라길 2
SH,중랑구,상봉동양엔파트,역세권청년,102,2024-09-02,망우로 266,02136,37.595155324396,127.082159140005,ok,road,서울 중랑구 망우로 266,Y,서울 중랑구 망우로 266
SH,중랑구,가현 월디움 면목 1차,행복(재건축),7,2025-01-06,겸재로42길 24,02197,37.5878471325317,127.08920168954,ok,road,서울 중랑구 겸재로42길 24,Y,서울 중랑구 겸재로42길 24
SH,중랑구,리버센SK뷰롯데캐슬(중화1),"재개발, 재건축(장기전세)",182,2025-07-01,중랑천로 200(중화동),02016,37.6027640054814,127.075560229011,ok,road,서울 중랑구 중랑천로 200,Y,서울 중랑구 중랑천로 200
SH,중랑구,세이지움 상봉,역세권청년,382,2025-10-13,봉우재로 101 (상봉동),02138,37.5926283514565,127.084277718631,ok,road,서울 중랑구 봉우재로 101,Y,서울 중랑구 봉우재로 101
SH,중랑구,와이센트럴시티(상봉100),역세권청년,175,2025-11-10,망우로 313 (상봉동),02098,37.5970915561606,127.087058515435,ok,road,서울 중랑구 망우로 313,Y,서울 중랑구 망우로 313
SH,강남구,역세권 공공(강남구 삼성동 140-32외2),역세권청년,82,2023-09-04,반포대로333 (반포동 1-1),06509,37.5062814951678,127.049725712525,ok,jibun_name,서울 강남구 삼성동 140-32,Y,서울 강남구 삼성동 140-32
SH,동대문구,e편한세상답십리아르테포레(답십리17),재개발,58,2025-03-28,동대문구 답십리동 12번지,02617,37.56660587267071,127.06095180859906,ok,keyword_gu,서울 동대문구 답십리동 1016,Y,서울 동대문구 e편한세상답십리아르테포레
SH,동작구,골든노블레스(동작구 대방동 403-16),역세권청년,40,2023-12-20,대방동 403-14,156811,37.4996529328956,126.924658804628,ok,jibun_name,서울 동작구 대방동 403-16,Y,서울 동작구 대방동 403-16
SH,성북구,더푸름,행복(재건축),4,2024-01-08,"한천로 592-8, 592-6",02781,37.6123158046737,127.062029044018,ok,road,서울 성북구 한천로 592-8,Y,서울 성북구 한천로 592-8
SH,종로구,청계로벤하임(숭인동 240-1),역세권청년,16,2023-10-16,오목로 55,07936,37.5715333093483,127.018349799128,ok,jibun_name,서울 종로구 숭인동 240-1,Y,서울 종로구 숭인동 240-1
SH,노원구,"상계,장암1단지(수락산리버시티1단지)","국민,장기",453,2009-09-02,"누원로 51 (장암동 413, 수락리버시티1단지)",11727,37.690547649295,127.052263792397,check,no_prefix,경기 의정부시 누원로 51,N,누원로 51
SH,노원구,"상계,장암2단지(수락산리버시티2단지)","국민,장기",175,2009-09-02,"누원로 52 (장암동 412, 수락리버시티2단지)",11727,37.6907108723338,127.053544518153,check,no_prefix,경기 의정부시 누원로 52,N,누원로 52
